account_id,customer_id,status,open_date,autopay,paperless_billing,credit_class,is_new_customer,close_date,churn_label
ACCT000001,CUST000001,active,2024-07-22,True,True,C,False,,1
ACCT000002,CUST000002,active,2025-05-23,True,True,A,False,,0
ACCT000003,CUST000003,suspended,2026-06-17,False,True,B,True,,1
ACCT000004,CUST000004,active,2021-10-10,True,True,B,False,,1
ACCT000005,CUST000005,active,2026-05-21,False,True,C,True,,1
ACCT000006,CUST000006,suspended,2017-09-28,False,False,A,False,,0
ACCT000007,CUST000007,active,2026-04-30,True,True,C,False,,0
ACCT000008,CUST000008,active,2025-01-01,False,True,A,False,,0
ACCT000009,CUST000009,active,2025-10-11,True,True,C,False,,0
ACCT000010,CUST000010,active,2023-09-04,False,True,B,False,,1
ACCT000011,CUST000011,active,2026-06-10,True,False,B,True,,1
ACCT000012,CUST000012,active,2024-04-26,True,True,A,False,,0
ACCT000013,CUST000013,active,2024-10-26,True,True,C,False,,1
ACCT000014,CUST000014,active,2026-03-11,False,False,A,False,,0
ACCT000015,CUST000015,active,2025-03-01,False,True,A,False,,1
ACCT000016,CUST000016,cancelled,2024-10-17,False,True,B,False,2026-03-19,0
ACCT000017,CUST000017,active,2025-10-28,True,False,B,False,,1
ACCT000018,CUST000018,active,2024-02-01,True,True,A,False,,0
ACCT000019,CUST000019,active,2024-04-25,False,True,B,False,,0
ACCT000020,CUST000020,active,2025-01-12,False,False,A,False,,0
ACCT000021,CUST000021,active,2024-08-03,True,True,B,False,,0
ACCT000022,CUST000022,active,2025-01-20,False,True,B,False,,1
ACCT000023,CUST000023,active,2026-03-01,True,True,B,False,,0
ACCT000024,CUST000024,active,2023-10-12,True,True,C,False,,0
ACCT000025,CUST000025,active,2024-02-20,False,True,B,False,,1
ACCT000026,CUST000026,suspended,2025-12-12,True,True,A,False,,0
ACCT000027,CUST000027,active,2026-06-13,True,True,B,True,,0
ACCT000028,CUST000028,active,2023-11-26,False,False,A,False,,0
ACCT000029,CUST000029,active,2023-12-03,False,True,A,False,,0
ACCT000030,CUST000030,active,2023-02-09,True,False,B,False,,0
ACCT000031,CUST000031,active,2026-06-10,False,False,A,True,,1
ACCT000032,CUST000032,suspended,2026-06-15,True,False,A,True,,0
ACCT000033,CUST000033,cancelled,2023-02-24,True,False,C,False,2024-04-08,0
ACCT000034,CUST000034,active,2026-06-11,True,False,A,True,,0
ACCT000035,CUST000035,active,2024-02-03,True,True,A,False,,0
ACCT000036,CUST000036,active,2022-10-04,True,True,A,False,,0
ACCT000037,CUST000037,active,2025-07-14,True,False,A,False,,1
ACCT000038,CUST000038,active,2026-05-24,False,True,B,True,,1
ACCT000039,CUST000039,active,2025-08-08,False,True,B,False,,0
ACCT000040,CUST000040,active,2022-06-09,False,False,B,False,,1
ACCT000041,CUST000041,cancelled,2025-09-15,False,True,A,False,2026-09-25,1
ACCT000042,CUST000042,active,2022-07-25,True,True,B,False,,0
ACCT000043,CUST000043,active,2025-08-22,True,True,A,False,,0
ACCT000044,CUST000044,active,2024-12-02,True,True,B,False,,0
ACCT000045,CUST000045,active,2024-07-20,False,True,B,False,,0
ACCT000046,CUST000046,cancelled,2025-10-03,True,True,A,False,2026-11-04,1
ACCT000047,CUST000047,active,2024-11-25,True,False,C,False,,1
ACCT000048,CUST000048,active,2026-02-03,True,True,B,False,,0
ACCT000049,CUST000049,active,2026-06-11,True,True,A,True,,1
ACCT000050,CUST000050,active,2024-09-19,False,False,B,False,,1
ACCT000051,CUST000051,active,2026-05-17,False,False,B,True,,0
ACCT000052,CUST000052,active,2025-08-28,True,True,A,False,,0
ACCT000053,CUST000053,active,2026-06-15,False,True,A,True,,0
ACCT000054,CUST000054,active,2025-10-19,False,True,B,False,,0
ACCT000055,CUST000055,active,2026-06-25,True,False,C,True,,1
ACCT000056,CUST000056,active,2023-09-03,True,True,B,False,,0
ACCT000057,CUST000057,active,2024-03-01,False,True,B,False,,1
ACCT000058,CUST000058,active,2023-02-23,True,False,B,False,,0
ACCT000059,CUST000059,suspended,2026-02-27,True,True,A,False,,0
ACCT000060,CUST000060,active,2022-08-27,True,True,A,False,,0
ACCT000061,CUST000061,active,2025-09-22,False,False,A,False,,0
ACCT000062,CUST000062,cancelled,2024-05-23,False,False,C,False,2025-06-22,1
ACCT000063,CUST000063,active,2020-06-16,False,True,C,False,,0
ACCT000064,CUST000064,active,2025-01-28,True,True,C,False,,1
ACCT000065,CUST000065,active,2024-07-14,True,True,A,False,,0
ACCT000066,CUST000066,active,2025-09-27,False,True,B,False,,0
ACCT000067,CUST000067,active,2020-07-30,False,True,B,False,,0
ACCT000068,CUST000068,active,2025-08-13,False,False,A,False,,1
ACCT000069,CUST000069,active,2023-06-29,False,True,A,False,,0
ACCT000070,CUST000070,cancelled,2022-01-28,True,True,B,False,2024-01-14,1
ACCT000071,CUST000071,active,2026-06-09,False,True,B,True,,0
ACCT000072,CUST000072,active,2024-01-12,False,False,B,False,,0
ACCT000073,CUST000073,active,2024-07-10,False,True,A,False,,0
ACCT000074,CUST000074,active,2025-11-20,False,True,B,False,,0
ACCT000075,CUST000075,active,2020-09-23,True,True,A,False,,0
ACCT000076,CUST000076,active,2024-02-16,False,True,A,False,,0
ACCT000077,CUST000077,active,2024-08-06,True,False,B,False,,0
ACCT000078,CUST000078,active,2026-05-21,True,False,A,True,,0
ACCT000079,CUST000079,active,2024-07-04,False,True,C,False,,0
ACCT000080,CUST000080,active,2024-09-05,False,True,A,False,,1
ACCT000081,CUST000081,suspended,2020-06-24,False,False,A,False,,0
ACCT000082,CUST000082,active,2024-08-05,True,True,A,False,,0
ACCT000083,CUST000083,active,2024-06-29,True,False,B,False,,0
ACCT000084,CUST000084,active,2025-10-24,True,True,A,False,,0
ACCT000085,CUST000085,active,2025-06-21,False,True,A,False,,0
ACCT000086,CUST000086,active,2023-09-29,False,True,A,False,,0
ACCT000087,CUST000087,active,2026-06-29,False,True,A,True,,0
ACCT000088,CUST000088,active,2022-09-16,True,True,B,False,,0
ACCT000089,CUST000089,active,2022-08-16,False,False,A,False,,0
ACCT000090,CUST000090,cancelled,2025-07-30,False,True,A,False,2026-02-18,1
ACCT000091,CUST000091,active,2024-01-10,True,True,B,False,,0
ACCT000092,CUST000092,active,2021-12-15,False,True,A,False,,0
ACCT000093,CUST000093,cancelled,2024-09-23,False,False,B,False,2025-09-30,1
ACCT000094,CUST000094,active,2024-12-29,True,True,A,False,,0
ACCT000095,CUST000095,active,2024-11-28,True,True,B,False,,0
ACCT000096,CUST000096,active,2024-02-28,False,True,A,False,,1
ACCT000097,CUST000097,active,2025-05-21,False,True,A,False,,1
ACCT000098,CUST000098,active,2026-06-15,False,False,A,True,,1
ACCT000099,CUST000099,active,2024-03-06,False,True,C,False,,1
ACCT000100,CUST000100,active,2025-03-26,True,True,A,False,,0
ACCT000101,CUST000101,active,2025-11-02,False,False,C,False,,1
ACCT000102,CUST000102,active,2026-03-19,False,True,C,False,,0
ACCT000103,CUST000103,suspended,2024-07-14,True,True,A,False,,1
ACCT000104,CUST000104,suspended,2026-06-12,False,True,A,True,,0
ACCT000105,CUST000105,active,2023-12-10,True,False,A,False,,0
ACCT000106,CUST000106,active,2025-10-14,True,False,C,False,,0
ACCT000107,CUST000107,active,2025-07-02,True,True,B,False,,1
ACCT000108,CUST000108,active,2025-01-31,False,False,B,False,,0
ACCT000109,CUST000109,active,2020-05-28,True,True,A,False,,0
ACCT000110,CUST000110,active,2020-02-08,True,True,C,False,,1
ACCT000111,CUST000111,active,2020-08-03,False,True,A,False,,0
ACCT000112,CUST000112,active,2024-05-26,True,True,A,False,,0
ACCT000113,CUST000113,active,2014-12-13,False,True,A,False,,0
ACCT000114,CUST000114,active,2025-06-17,False,False,A,False,,0
ACCT000115,CUST000115,active,2025-01-19,True,True,C,False,,0
ACCT000116,CUST000116,active,2022-12-03,True,False,B,False,,0
ACCT000117,CUST000117,active,2024-02-14,False,True,A,False,,0
ACCT000118,CUST000118,cancelled,2024-01-22,True,True,A,False,2025-04-30,1
ACCT000119,CUST000119,active,2025-10-01,True,True,B,False,,1
ACCT000120,CUST000120,active,2024-08-29,False,True,B,False,,0
ACCT000121,CUST000121,active,2025-06-08,False,True,A,False,,0
ACCT000122,CUST000122,active,2025-12-21,False,True,A,False,,0
ACCT000123,CUST000123,active,2025-05-01,False,False,B,False,,0
ACCT000124,CUST000124,active,2026-05-21,False,False,C,True,,1
ACCT000125,CUST000125,active,2023-03-31,False,True,B,False,,0
ACCT000126,CUST000126,active,2026-03-17,False,True,A,False,,0
ACCT000127,CUST000127,suspended,2024-07-29,False,True,B,False,,1
ACCT000128,CUST000128,cancelled,2024-10-05,False,False,A,False,2025-06-02,1
ACCT000129,CUST000129,active,2024-04-01,True,True,C,False,,1
ACCT000130,CUST000130,active,2025-10-21,True,True,A,False,,0
ACCT000131,CUST000131,active,2025-10-07,True,True,A,False,,0
ACCT000132,CUST000132,active,2022-02-13,True,True,A,False,,0
ACCT000133,CUST000133,active,2025-07-31,True,True,A,False,,0
ACCT000134,CUST000134,active,2025-02-24,True,True,A,False,,0
ACCT000135,CUST000135,active,2024-12-10,False,True,B,False,,0
ACCT000136,CUST000136,active,2025-05-23,True,True,B,False,,0
ACCT000137,CUST000137,active,2023-10-04,True,True,C,False,,0
ACCT000138,CUST000138,active,2023-11-25,True,True,A,False,,0
ACCT000139,CUST000139,active,2024-10-20,True,False,A,False,,0
ACCT000140,CUST000140,active,2025-05-28,False,True,A,False,,0
ACCT000141,CUST000141,active,2024-11-10,True,False,A,False,,0
ACCT000142,CUST000142,active,2024-06-24,True,True,A,False,,0
ACCT000143,CUST000143,suspended,2025-07-04,False,False,C,False,,1
ACCT000144,CUST000144,active,2023-09-03,True,False,C,False,,0
ACCT000145,CUST000145,suspended,2026-05-19,True,True,A,True,,0
ACCT000146,CUST000146,active,2021-07-15,False,False,B,False,,0
ACCT000147,CUST000147,active,2021-10-09,False,True,B,False,,0
ACCT000148,CUST000148,active,2024-12-20,False,False,A,False,,1
ACCT000149,CUST000149,active,2024-05-22,False,True,B,False,,1
ACCT000150,CUST000150,active,2024-10-14,False,True,A,False,,0
ACCT000151,CUST000151,active,2026-06-23,True,True,A,True,,0
ACCT000152,CUST000152,active,2024-11-23,False,False,C,False,,0
ACCT000153,CUST000153,active,2024-07-26,False,False,B,False,,1
ACCT000154,CUST000154,cancelled,2026-06-23,True,True,A,True,2026-12-19,0
ACCT000155,CUST000155,cancelled,2024-01-24,False,False,A,False,2024-04-23,1
ACCT000156,CUST000156,active,2025-10-30,True,False,C,False,,1
ACCT000157,CUST000157,active,2022-11-06,False,True,A,False,,0
ACCT000158,CUST000158,suspended,2024-04-02,False,True,C,False,,1
ACCT000159,CUST000159,active,2023-10-10,True,True,C,False,,1
ACCT000160,CUST000160,active,2026-05-23,True,True,A,True,,0
ACCT000161,CUST000161,active,2024-02-05,False,True,B,False,,1
ACCT000162,CUST000162,active,2024-01-05,False,False,B,False,,1
ACCT000163,CUST000163,active,2026-03-09,True,True,B,False,,0
ACCT000164,CUST000164,active,2026-05-21,True,True,A,True,,0
ACCT000165,CUST000165,active,2025-07-05,False,True,A,False,,0
ACCT000166,CUST000166,active,2025-03-30,True,True,A,False,,0
ACCT000167,CUST000167,active,2026-05-29,False,True,B,True,,1
ACCT000168,CUST000168,active,2026-05-25,False,True,B,True,,1
ACCT000169,CUST000169,active,2025-09-06,True,True,B,False,,0
ACCT000170,CUST000170,cancelled,2024-08-24,False,True,B,False,2025-05-26,1
ACCT000171,CUST000171,active,2024-12-07,True,True,A,False,,0
ACCT000172,CUST000172,active,2022-10-25,False,False,A,False,,0
ACCT000173,CUST000173,active,2025-01-02,False,True,B,False,,0
ACCT000174,CUST000174,active,2024-04-08,True,True,B,False,,0
ACCT000175,CUST000175,active,2025-09-15,True,True,B,False,,0
ACCT000176,CUST000176,active,2026-06-02,True,True,A,True,,1
ACCT000177,CUST000177,active,2026-01-30,False,False,A,False,,1
ACCT000178,CUST000178,active,2023-11-09,True,True,C,False,,0
ACCT000179,CUST000179,active,2024-03-26,False,False,A,False,,0
ACCT000180,CUST000180,suspended,2024-01-05,False,False,A,False,,0
ACCT000181,CUST000181,active,2026-05-30,True,True,B,True,,1
ACCT000182,CUST000182,active,2024-12-26,False,True,B,False,,0
ACCT000183,CUST000183,active,2023-01-01,True,True,C,False,,0
ACCT000184,CUST000184,active,2020-06-18,False,False,C,False,,0
ACCT000185,CUST000185,active,2024-09-28,True,True,B,False,,0
ACCT000186,CUST000186,active,2023-03-09,False,True,A,False,,0
ACCT000187,CUST000187,active,2024-05-22,True,True,A,False,,0
ACCT000188,CUST000188,active,2024-08-25,True,True,C,False,,0
ACCT000189,CUST000189,active,2025-02-19,False,True,A,False,,1
ACCT000190,CUST000190,active,2024-07-24,False,True,C,False,,1
ACCT000191,CUST000191,active,2023-06-11,False,True,B,False,,1
ACCT000192,CUST000192,active,2023-03-23,False,False,A,False,,0
ACCT000193,CUST000193,active,2025-11-17,True,True,B,False,,0
ACCT000194,CUST000194,active,2026-05-28,False,True,B,True,,0
ACCT000195,CUST000195,active,2025-09-09,True,True,A,False,,0
ACCT000196,CUST000196,active,2024-06-15,True,False,A,False,,0
ACCT000197,CUST000197,active,2025-01-18,False,True,B,False,,0
ACCT000198,CUST000198,active,2023-12-21,False,False,A,False,,0
ACCT000199,CUST000199,cancelled,2026-06-08,True,True,A,True,2027-01-21,0
ACCT000200,CUST000200,active,2026-05-11,True,False,B,False,,0
ACCT000201,CUST000201,active,2024-07-31,False,True,B,False,,1
ACCT000202,CUST000202,active,2022-03-04,True,False,B,False,,0
ACCT000203,CUST000203,active,2025-04-04,True,True,C,False,,1
ACCT000204,CUST000204,cancelled,2025-03-12,True,False,C,False,2025-09-17,1
ACCT000205,CUST000205,active,2022-09-13,True,False,A,False,,0
ACCT000206,CUST000206,active,2023-01-29,True,True,A,False,,0
ACCT000207,CUST000207,cancelled,2025-10-03,False,True,B,False,2026-05-30,1
ACCT000208,CUST000208,active,2023-05-13,True,True,A,False,,0
ACCT000209,CUST000209,active,2025-06-08,True,True,C,False,,0
ACCT000210,CUST000210,active,2025-04-13,False,True,B,False,,1
ACCT000211,CUST000211,active,2025-09-27,False,True,A,False,,0
ACCT000212,CUST000212,active,2025-11-29,False,True,B,False,,0
ACCT000213,CUST000213,active,2024-05-19,False,True,B,False,,1
ACCT000214,CUST000214,suspended,2026-05-16,False,False,C,True,,1
ACCT000215,CUST000215,active,2024-05-07,False,True,A,False,,0
ACCT000216,CUST000216,active,2024-05-23,False,True,C,False,,1
ACCT000217,CUST000217,active,2026-06-17,False,True,A,True,,1
ACCT000218,CUST000218,active,2025-02-15,False,True,B,False,,0
ACCT000219,CUST000219,suspended,2026-06-11,True,True,C,True,,1
ACCT000220,CUST000220,active,2025-10-30,False,True,A,False,,0
ACCT000221,CUST000221,active,2021-07-17,False,True,A,False,,0
ACCT000222,CUST000222,active,2024-11-22,True,True,C,False,,1
ACCT000223,CUST000223,suspended,2024-11-15,False,True,C,False,,0
ACCT000224,CUST000224,suspended,2025-09-03,True,True,A,False,,1
ACCT000225,CUST000225,active,2026-05-17,True,True,B,True,,0
ACCT000226,CUST000226,active,2025-04-18,False,True,C,False,,1
ACCT000227,CUST000227,active,2024-02-17,True,True,A,False,,0
ACCT000228,CUST000228,active,2023-10-18,True,True,B,False,,1
ACCT000229,CUST000229,suspended,2026-06-23,True,True,A,True,,0
ACCT000230,CUST000230,active,2025-12-30,False,True,A,False,,0
ACCT000231,CUST000231,active,2023-05-26,True,False,C,False,,1
ACCT000232,CUST000232,suspended,2025-05-01,False,True,A,False,,1
ACCT000233,CUST000233,cancelled,2023-03-14,False,True,C,False,2024-08-14,1
ACCT000234,CUST000234,active,2024-08-26,False,True,B,False,,0
ACCT000235,CUST000235,cancelled,2023-09-19,False,True,B,False,2025-05-17,0
ACCT000236,CUST000236,active,2022-01-30,False,True,A,False,,0
ACCT000237,CUST000237,active,2023-07-02,True,False,A,False,,1
ACCT000238,CUST000238,active,2026-06-21,False,True,C,True,,1
ACCT000239,CUST000239,cancelled,2023-05-08,True,True,B,False,2024-06-11,0
ACCT000240,CUST000240,suspended,2025-07-16,True,True,B,False,,1
ACCT000241,CUST000241,active,2023-01-13,True,True,A,False,,0
ACCT000242,CUST000242,active,2024-12-23,False,True,A,False,,0
ACCT000243,CUST000243,active,2024-12-07,True,True,A,False,,0
ACCT000244,CUST000244,active,2024-07-01,False,False,B,False,,0
ACCT000245,CUST000245,active,2025-01-30,True,True,A,False,,0
ACCT000246,CUST000246,active,2025-09-14,True,True,B,False,,0
ACCT000247,CUST000247,active,2024-07-15,True,False,A,False,,1
ACCT000248,CUST000248,active,2024-12-03,False,False,A,False,,0
ACCT000249,CUST000249,active,2024-12-15,True,False,B,False,,0
ACCT000250,CUST000250,active,2026-05-31,True,True,B,True,,0
ACCT000251,CUST000251,cancelled,2026-04-04,True,True,C,False,2026-07-16,1
ACCT000252,CUST000252,active,2024-12-12,True,False,A,False,,0
ACCT000253,CUST000253,active,2021-09-22,False,True,B,False,,0
ACCT000254,CUST000254,active,2021-12-03,True,False,A,False,,0
ACCT000255,CUST000255,suspended,2024-06-24,True,True,C,False,,1
ACCT000256,CUST000256,active,2024-08-06,False,False,B,False,,0
ACCT000257,CUST000257,active,2026-05-24,True,True,A,True,,0
ACCT000258,CUST000258,active,2025-04-11,True,True,C,False,,1
ACCT000259,CUST000259,suspended,2023-05-02,False,True,A,False,,0
ACCT000260,CUST000260,active,2025-01-27,False,True,A,False,,0
ACCT000261,CUST000261,active,2022-08-12,False,True,A,False,,0
ACCT000262,CUST000262,active,2022-09-26,True,False,A,False,,0
ACCT000263,CUST000263,active,2025-04-29,True,True,C,False,,1
ACCT000264,CUST000264,cancelled,2024-06-06,True,True,B,False,2025-12-03,1
ACCT000265,CUST000265,cancelled,2021-06-10,True,True,B,False,2021-11-17,1
ACCT000266,CUST000266,active,2026-01-04,True,True,C,False,,0
ACCT000267,CUST000267,active,2025-01-31,False,True,B,False,,1
ACCT000268,CUST000268,suspended,2026-01-24,False,True,A,False,,1
ACCT000269,CUST000269,cancelled,2025-08-21,True,False,A,False,2025-11-26,1
ACCT000270,CUST000270,active,2020-06-26,True,True,A,False,,0
ACCT000271,CUST000271,active,2025-01-18,False,True,C,False,,0
ACCT000272,CUST000272,active,2026-06-18,True,False,C,True,,0
ACCT000273,CUST000273,suspended,2025-09-30,True,True,B,False,,1
ACCT000274,CUST000274,active,2026-02-23,True,False,A,False,,1
ACCT000275,CUST000275,active,2024-04-15,False,True,A,False,,1
ACCT000276,CUST000276,active,2023-11-17,False,True,C,False,,0
ACCT000277,CUST000277,active,2023-01-03,True,True,A,False,,0
ACCT000278,CUST000278,active,2026-06-11,True,True,B,True,,1
ACCT000279,CUST000279,active,2025-12-10,False,True,A,False,,0
ACCT000280,CUST000280,active,2024-01-07,False,True,A,False,,0
ACCT000281,CUST000281,active,2026-05-31,False,True,B,True,,1
ACCT000282,CUST000282,active,2022-08-31,True,True,C,False,,0
ACCT000283,CUST000283,active,2023-03-29,False,False,B,False,,0
ACCT000284,CUST000284,active,2019-12-28,False,True,A,False,,0
ACCT000285,CUST000285,active,2025-08-14,False,False,A,False,,0
ACCT000286,CUST000286,active,2025-10-16,True,False,C,False,,0
ACCT000287,CUST000287,active,2025-03-13,False,False,B,False,,1
ACCT000288,CUST000288,active,2024-10-04,True,False,A,False,,0
ACCT000289,CUST000289,active,2025-05-19,True,False,B,False,,1
ACCT000290,CUST000290,cancelled,2025-08-11,True,True,A,False,2026-10-20,0
ACCT000291,CUST000291,suspended,2024-02-04,False,True,A,False,,1
ACCT000292,CUST000292,active,2025-03-17,True,False,C,False,,1
ACCT000293,CUST000293,active,2025-07-03,False,True,B,False,,0
ACCT000294,CUST000294,active,2025-12-12,True,False,A,False,,1
ACCT000295,CUST000295,active,2026-05-15,True,False,A,False,,0
ACCT000296,CUST000296,suspended,2021-11-18,True,True,C,False,,0
ACCT000297,CUST000297,active,2026-06-27,False,True,B,True,,0
ACCT000298,CUST000298,active,2023-02-26,True,True,B,False,,0
ACCT000299,CUST000299,active,2023-09-08,True,True,A,False,,0
ACCT000300,CUST000300,active,2025-04-23,True,True,C,False,,0
ACCT000301,CUST000301,cancelled,2023-08-14,True,False,C,False,2024-07-19,0
ACCT000302,CUST000302,active,2025-10-07,True,True,B,False,,0
ACCT000303,CUST000303,active,2024-06-25,True,True,A,False,,0
ACCT000304,CUST000304,active,2025-07-09,True,False,B,False,,1
ACCT000305,CUST000305,suspended,2023-08-11,False,True,C,False,,1
ACCT000306,CUST000306,active,2026-06-20,True,False,B,True,,0
ACCT000307,CUST000307,active,2025-09-16,True,True,C,False,,1
ACCT000308,CUST000308,active,2026-06-02,True,False,B,True,,1
ACCT000309,CUST000309,active,2024-06-18,True,True,A,False,,0
ACCT000310,CUST000310,active,2026-03-07,False,True,A,False,,1
ACCT000311,CUST000311,active,2026-02-07,True,True,C,False,,1
ACCT000312,CUST000312,active,2021-05-24,True,True,A,False,,0
ACCT000313,CUST000313,active,2024-02-03,False,True,A,False,,1
ACCT000314,CUST000314,active,2025-05-11,True,False,B,False,,1
ACCT000315,CUST000315,active,2024-08-24,False,False,A,False,,1
ACCT000316,CUST000316,active,2025-03-13,False,True,C,False,,0
ACCT000317,CUST000317,active,2026-06-04,True,True,A,True,,1
ACCT000318,CUST000318,active,2025-03-06,True,False,A,False,,0
ACCT000319,CUST000319,active,2024-09-25,True,False,A,False,,0
ACCT000320,CUST000320,active,2023-05-24,True,True,B,False,,0
ACCT000321,CUST000321,active,2023-07-28,True,True,B,False,,1
ACCT000322,CUST000322,active,2021-07-23,False,False,A,False,,0
ACCT000323,CUST000323,active,2024-01-07,True,True,A,False,,0
ACCT000324,CUST000324,active,2024-07-17,True,True,A,False,,1
ACCT000325,CUST000325,cancelled,2020-12-31,True,False,B,False,2021-09-22,0
ACCT000326,CUST000326,active,2024-11-16,False,True,C,False,,0
ACCT000327,CUST000327,cancelled,2026-05-29,False,False,B,True,2028-04-26,1
ACCT000328,CUST000328,active,2023-03-01,True,True,A,False,,0
ACCT000329,CUST000329,active,2024-02-18,False,False,B,False,,0
ACCT000330,CUST000330,active,2024-08-22,True,False,A,False,,0
ACCT000331,CUST000331,active,2023-01-31,False,False,A,False,,0
ACCT000332,CUST000332,active,2025-02-22,False,False,A,False,,0
ACCT000333,CUST000333,active,2026-04-25,False,False,A,False,,0
ACCT000334,CUST000334,cancelled,2023-01-10,True,True,A,False,2023-05-10,0
ACCT000335,CUST000335,active,2025-05-16,True,False,B,False,,0
ACCT000336,CUST000336,cancelled,2025-10-02,False,False,A,False,2026-01-05,0
ACCT000337,CUST000337,active,2026-04-29,True,True,B,False,,1
ACCT000338,CUST000338,active,2026-06-12,True,True,C,True,,0
ACCT000339,CUST000339,active,2026-05-10,False,True,B,False,,1
ACCT000340,CUST000340,active,2022-02-03,False,True,A,False,,0
ACCT000341,CUST000341,cancelled,2025-01-20,False,False,B,False,2026-04-12,1
ACCT000342,CUST000342,suspended,2023-02-02,False,True,A,False,,1
ACCT000343,CUST000343,cancelled,2023-12-10,False,True,A,False,2024-11-10,1
ACCT000344,CUST000344,cancelled,2020-05-23,True,True,A,False,2022-01-02,0
ACCT000345,CUST000345,active,2024-01-10,False,True,C,False,,0
ACCT000346,CUST000346,active,2022-03-02,False,False,C,False,,1
ACCT000347,CUST000347,active,2025-04-15,False,True,C,False,,0
ACCT000348,CUST000348,active,2026-02-23,True,True,B,False,,0
ACCT000349,CUST000349,active,2022-10-11,True,True,B,False,,0
ACCT000350,CUST000350,active,2026-02-22,False,False,C,False,,1
ACCT000351,CUST000351,active,2023-03-24,True,False,C,False,,0
ACCT000352,CUST000352,active,2025-10-20,True,True,A,False,,1
ACCT000353,CUST000353,active,2024-02-20,False,True,C,False,,0
ACCT000354,CUST000354,active,2020-04-20,True,True,C,False,,0
ACCT000355,CUST000355,active,2026-05-29,True,True,B,True,,0
ACCT000356,CUST000356,active,2026-06-06,True,False,A,True,,0
ACCT000357,CUST000357,active,2026-06-17,True,True,A,True,,0
ACCT000358,CUST000358,active,2025-03-13,False,True,B,False,,0
ACCT000359,CUST000359,active,2018-09-21,True,True,A,False,,0
ACCT000360,CUST000360,active,2025-06-14,True,True,A,False,,0
ACCT000361,CUST000361,active,2024-09-12,True,True,B,False,,1
ACCT000362,CUST000362,active,2023-08-09,True,True,C,False,,0
ACCT000363,CUST000363,active,2024-01-10,True,True,C,False,,0
ACCT000364,CUST000364,active,2023-10-28,True,True,B,False,,0
ACCT000365,CUST000365,active,2025-03-28,True,True,A,False,,1
ACCT000366,CUST000366,active,2024-11-25,True,False,A,False,,0
ACCT000367,CUST000367,active,2026-06-19,True,True,B,True,,0
ACCT000368,CUST000368,active,2023-01-06,True,True,A,False,,0
ACCT000369,CUST000369,active,2024-01-01,True,True,B,False,,1
ACCT000370,CUST000370,active,2021-11-14,True,False,C,False,,0
ACCT000371,CUST000371,active,2022-09-29,True,False,B,False,,1
ACCT000372,CUST000372,active,2023-01-31,True,False,B,False,,0
ACCT000373,CUST000373,active,2026-02-17,True,True,B,False,,1
ACCT000374,CUST000374,active,2024-01-09,False,False,C,False,,1
ACCT000375,CUST000375,active,2026-06-04,True,True,A,True,,1
ACCT000376,CUST000376,active,2021-06-22,False,False,A,False,,0
ACCT000377,CUST000377,active,2024-10-30,False,False,A,False,,0
ACCT000378,CUST000378,active,2024-05-30,True,True,B,False,,0
ACCT000379,CUST000379,active,2025-10-30,True,True,A,False,,0
ACCT000380,CUST000380,active,2025-08-24,True,True,B,False,,0
ACCT000381,CUST000381,active,2021-06-19,True,True,B,False,,1
ACCT000382,CUST000382,active,2023-10-21,True,False,A,False,,0
ACCT000383,CUST000383,active,2020-04-08,True,True,B,False,,0
ACCT000384,CUST000384,active,2026-06-29,False,False,A,True,,0
ACCT000385,CUST000385,suspended,2025-12-16,True,False,A,False,,0
ACCT000386,CUST000386,active,2025-01-19,False,True,A,False,,0
ACCT000387,CUST000387,active,2025-03-27,False,True,A,False,,1
ACCT000388,CUST000388,active,2023-05-04,True,True,C,False,,1
ACCT000389,CUST000389,active,2026-05-25,False,False,C,True,,1
ACCT000390,CUST000390,active,2023-10-04,False,True,B,False,,0
ACCT000391,CUST000391,active,2019-01-07,True,True,B,False,,0
ACCT000392,CUST000392,active,2022-01-12,True,True,B,False,,0
ACCT000393,CUST000393,active,2025-07-28,True,False,C,False,,1
ACCT000394,CUST000394,active,2022-09-09,True,True,B,False,,1
ACCT000395,CUST000395,active,2024-08-03,True,True,A,False,,0
ACCT000396,CUST000396,active,2024-12-03,True,False,B,False,,0
ACCT000397,CUST000397,active,2021-08-28,True,True,C,False,,0
ACCT000398,CUST000398,active,2025-08-31,False,True,A,False,,1
ACCT000399,CUST000399,active,2022-10-30,True,True,A,False,,0
ACCT000400,CUST000400,active,2023-03-28,True,True,A,False,,1
ACCT000401,CUST000401,active,2025-08-17,True,True,A,False,,0
ACCT000402,CUST000402,active,2026-02-05,False,True,B,False,,1
ACCT000403,CUST000403,active,2024-10-08,False,True,A,False,,1
ACCT000404,CUST000404,active,2022-05-14,True,True,C,False,,0
ACCT000405,CUST000405,active,2024-01-07,False,True,B,False,,0
ACCT000406,CUST000406,active,2021-07-10,True,True,A,False,,0
ACCT000407,CUST000407,suspended,2024-02-24,False,True,C,False,,1
ACCT000408,CUST000408,active,2021-05-02,False,False,B,False,,0
ACCT000409,CUST000409,active,2025-04-26,True,False,B,False,,1
ACCT000410,CUST000410,active,2023-10-08,False,True,A,False,,0
ACCT000411,CUST000411,active,2025-02-10,False,False,C,False,,0
ACCT000412,CUST000412,active,2024-09-20,False,False,A,False,,0
ACCT000413,CUST000413,active,2024-05-20,True,True,A,False,,0
ACCT000414,CUST000414,active,2023-12-31,False,False,A,False,,0
ACCT000415,CUST000415,active,2025-06-23,True,False,A,False,,0
ACCT000416,CUST000416,suspended,2023-11-03,False,True,B,False,,1
ACCT000417,CUST000417,active,2024-06-20,False,True,A,False,,1
ACCT000418,CUST000418,active,2025-12-27,True,True,B,False,,0
ACCT000419,CUST000419,suspended,2026-03-05,True,True,A,False,,1
ACCT000420,CUST000420,active,2022-05-18,True,False,C,False,,0
ACCT000421,CUST000421,active,2024-10-26,True,True,A,False,,0
ACCT000422,CUST000422,active,2026-01-23,True,True,C,False,,1
ACCT000423,CUST000423,active,2026-06-01,True,True,C,True,,1
ACCT000424,CUST000424,active,2023-07-27,False,False,A,False,,0
ACCT000425,CUST000425,cancelled,2024-01-17,True,True,B,False,2024-04-12,0
ACCT000426,CUST000426,active,2025-07-13,True,False,A,False,,0
ACCT000427,CUST000427,active,2025-12-26,False,True,C,False,,1
ACCT000428,CUST000428,active,2024-05-06,True,True,B,False,,0
ACCT000429,CUST000429,active,2024-08-15,True,True,A,False,,0
ACCT000430,CUST000430,active,2025-10-20,False,True,A,False,,1
ACCT000431,CUST000431,active,2025-10-31,False,True,A,False,,0
ACCT000432,CUST000432,cancelled,2025-10-10,False,True,C,False,2026-09-11,0
ACCT000433,CUST000433,active,2025-11-14,True,True,B,False,,1
ACCT000434,CUST000434,active,2025-06-05,True,True,A,False,,1
ACCT000435,CUST000435,active,2024-01-21,False,False,A,False,,1
ACCT000436,CUST000436,active,2023-09-27,False,False,A,False,,0
ACCT000437,CUST000437,cancelled,2026-06-02,False,True,B,True,2026-11-05,1
ACCT000438,CUST000438,active,2024-05-17,False,False,A,False,,1
ACCT000439,CUST000439,active,2023-09-01,True,True,A,False,,0
ACCT000440,CUST000440,active,2026-04-19,True,True,C,False,,0
ACCT000441,CUST000441,suspended,2024-03-25,False,True,A,False,,0
ACCT000442,CUST000442,active,2021-12-18,False,True,B,False,,1
ACCT000443,CUST000443,active,2024-11-03,True,False,A,False,,1
ACCT000444,CUST000444,active,2026-05-23,False,True,A,True,,1
ACCT000445,CUST000445,active,2024-11-01,True,True,B,False,,0
ACCT000446,CUST000446,active,2023-07-02,False,True,A,False,,0
ACCT000447,CUST000447,active,2024-02-04,True,True,A,False,,0
ACCT000448,CUST000448,active,2025-11-26,False,True,C,False,,0
ACCT000449,CUST000449,cancelled,2025-09-17,True,True,C,False,2025-12-13,0
ACCT000450,CUST000450,active,2021-05-05,False,True,B,False,,1
ACCT000451,CUST000451,active,2023-01-05,False,True,A,False,,1
ACCT000452,CUST000452,active,2024-10-05,True,True,A,False,,1
ACCT000453,CUST000453,active,2024-12-01,False,False,A,False,,0
ACCT000454,CUST000454,active,2025-07-31,False,True,C,False,,1
ACCT000455,CUST000455,active,2026-05-21,False,True,C,True,,1
ACCT000456,CUST000456,active,2025-06-27,True,True,B,False,,0
ACCT000457,CUST000457,active,2025-01-26,False,True,C,False,,1
ACCT000458,CUST000458,active,2025-06-04,False,True,A,False,,0
ACCT000459,CUST000459,active,2026-06-09,False,True,B,True,,0
ACCT000460,CUST000460,active,2024-10-13,True,True,A,False,,0
ACCT000461,CUST000461,suspended,2024-05-30,False,True,A,False,,1
ACCT000462,CUST000462,active,2025-10-15,True,True,C,False,,0
ACCT000463,CUST000463,active,2025-05-31,True,True,C,False,,1
ACCT000464,CUST000464,active,2026-06-23,True,True,A,True,,1
ACCT000465,CUST000465,active,2026-02-10,True,True,A,False,,0
ACCT000466,CUST000466,active,2024-12-06,True,True,B,False,,1
ACCT000467,CUST000467,active,2024-07-28,True,False,A,False,,0
ACCT000468,CUST000468,active,2025-11-24,False,True,B,False,,0
ACCT000469,CUST000469,active,2026-06-29,True,False,B,True,,0
ACCT000470,CUST000470,active,2026-06-06,True,True,A,True,,1
ACCT000471,CUST000471,active,2024-10-12,False,True,A,False,,0
ACCT000472,CUST000472,cancelled,2025-07-04,False,True,A,False,2026-07-04,0
ACCT000473,CUST000473,active,2026-02-08,False,False,C,False,,1
ACCT000474,CUST000474,active,2022-11-03,False,True,A,False,,0
ACCT000475,CUST000475,active,2025-02-15,False,True,B,False,,1
ACCT000476,CUST000476,active,2025-12-30,False,True,A,False,,0
ACCT000477,CUST000477,active,2025-06-11,False,True,B,False,,0
ACCT000478,CUST000478,active,2023-11-13,False,False,A,False,,0
ACCT000479,CUST000479,active,2024-03-17,True,True,A,False,,1
ACCT000480,CUST000480,active,2025-10-15,False,True,B,False,,1
ACCT000481,CUST000481,active,2022-05-13,False,True,B,False,,0
ACCT000482,CUST000482,cancelled,2026-01-31,False,True,A,False,2027-07-29,1
ACCT000483,CUST000483,active,2021-10-07,False,False,A,False,,0
ACCT000484,CUST000484,active,2024-04-09,True,False,C,False,,0
ACCT000485,CUST000485,active,2025-01-19,True,False,A,False,,0
ACCT000486,CUST000486,active,2024-11-16,False,True,A,False,,0
ACCT000487,CUST000487,active,2024-07-03,False,True,A,False,,1
ACCT000488,CUST000488,cancelled,2023-09-08,False,True,A,False,2024-02-18,1
ACCT000489,CUST000489,active,2026-06-20,False,True,B,True,,1
ACCT000490,CUST000490,active,2025-06-29,False,False,B,False,,1
ACCT000491,CUST000491,active,2024-07-07,False,True,B,False,,1
ACCT000492,CUST000492,active,2022-04-16,True,True,B,False,,0
ACCT000493,CUST000493,active,2022-05-04,False,True,A,False,,0
ACCT000494,CUST000494,cancelled,2026-06-16,True,False,B,True,2028-02-21,0
ACCT000495,CUST000495,active,2026-05-25,False,True,A,True,,0
ACCT000496,CUST000496,active,2025-07-13,True,False,A,False,,0
ACCT000497,CUST000497,active,2026-05-26,False,False,B,True,,1
ACCT000498,CUST000498,active,2022-07-06,True,False,A,False,,1
ACCT000499,CUST000499,active,2022-10-11,True,True,A,False,,1
ACCT000500,CUST000500,active,2024-11-11,False,True,A,False,,0
ACCT000501,CUST000501,active,2023-10-09,False,True,B,False,,0
ACCT000502,CUST000502,active,2025-03-24,True,False,A,False,,1
ACCT000503,CUST000503,active,2026-01-19,False,False,B,False,,1
ACCT000504,CUST000504,suspended,2024-09-18,True,True,B,False,,1
ACCT000505,CUST000505,active,2024-10-23,True,True,B,False,,0
ACCT000506,CUST000506,active,2026-05-25,True,True,A,True,,0
ACCT000507,CUST000507,active,2026-05-19,False,True,C,True,,1
ACCT000508,CUST000508,active,2026-06-12,False,True,A,True,,1
ACCT000509,CUST000509,active,2023-11-19,False,True,C,False,,1
ACCT000510,CUST000510,active,2023-04-13,False,False,B,False,,0
ACCT000511,CUST000511,active,2018-05-18,False,True,A,False,,0
ACCT000512,CUST000512,active,2024-10-04,False,True,B,False,,1
ACCT000513,CUST000513,active,2022-02-28,False,True,B,False,,1
ACCT000514,CUST000514,active,2024-04-01,True,True,A,False,,0
ACCT000515,CUST000515,active,2024-02-14,True,True,A,False,,0
ACCT000516,CUST000516,active,2024-10-05,True,True,B,False,,1
ACCT000517,CUST000517,active,2024-05-28,False,True,B,False,,0
ACCT000518,CUST000518,active,2024-11-12,True,True,C,False,,0
ACCT000519,CUST000519,active,2022-09-18,True,True,A,False,,1
ACCT000520,CUST000520,active,2025-06-28,False,True,B,False,,1
ACCT000521,CUST000521,active,2026-01-29,False,True,B,False,,1
ACCT000522,CUST000522,active,2025-04-28,True,True,B,False,,0
ACCT000523,CUST000523,active,2025-05-26,True,True,A,False,,0
ACCT000524,CUST000524,active,2025-04-19,True,True,A,False,,0
ACCT000525,CUST000525,active,2024-10-31,True,True,B,False,,0
ACCT000526,CUST000526,active,2025-05-02,False,True,A,False,,0
ACCT000527,CUST000527,active,2024-11-03,False,False,A,False,,0
ACCT000528,CUST000528,active,2025-04-10,True,True,B,False,,0
ACCT000529,CUST000529,active,2023-11-17,True,True,A,False,,1
ACCT000530,CUST000530,active,2018-07-06,True,True,A,False,,0
ACCT000531,CUST000531,active,2024-04-06,True,False,A,False,,0
ACCT000532,CUST000532,active,2025-04-05,True,True,B,False,,0
ACCT000533,CUST000533,active,2026-05-17,False,False,C,True,,1
ACCT000534,CUST000534,active,2020-02-13,True,True,A,False,,0
ACCT000535,CUST000535,active,2024-02-20,False,False,A,False,,0
ACCT000536,CUST000536,active,2024-10-30,True,True,C,False,,0
ACCT000537,CUST000537,active,2026-05-14,False,True,A,False,,0
ACCT000538,CUST000538,active,2024-10-07,True,True,C,False,,1
ACCT000539,CUST000539,active,2024-05-23,True,True,B,False,,1
ACCT000540,CUST000540,active,2025-03-21,False,False,A,False,,0
ACCT000541,CUST000541,active,2025-12-23,False,False,A,False,,0
ACCT000542,CUST000542,cancelled,2026-05-29,True,True,A,True,2027-07-05,1
ACCT000543,CUST000543,cancelled,2020-01-15,True,True,B,False,2021-01-26,0
ACCT000544,CUST000544,active,2024-05-29,False,True,A,False,,0
ACCT000545,CUST000545,active,2026-06-21,False,True,C,True,,1
ACCT000546,CUST000546,active,2024-07-10,False,True,B,False,,1
ACCT000547,CUST000547,active,2024-08-13,True,True,C,False,,0
ACCT000548,CUST000548,active,2026-06-17,True,True,C,True,,1
ACCT000549,CUST000549,active,2022-11-10,True,False,A,False,,0
ACCT000550,CUST000550,active,2024-10-19,True,False,B,False,,0
ACCT000551,CUST000551,active,2024-06-03,False,False,C,False,,0
ACCT000552,CUST000552,active,2021-06-16,False,True,A,False,,0
ACCT000553,CUST000553,active,2025-12-13,True,False,A,False,,1
ACCT000554,CUST000554,active,2025-07-19,False,True,A,False,,0
ACCT000555,CUST000555,suspended,2024-01-24,False,True,A,False,,0
ACCT000556,CUST000556,active,2022-12-18,False,True,C,False,,0
ACCT000557,CUST000557,active,2025-05-24,True,False,A,False,,0
ACCT000558,CUST000558,active,2025-04-23,True,True,B,False,,0
ACCT000559,CUST000559,active,2023-06-29,True,False,C,False,,0
ACCT000560,CUST000560,active,2018-12-05,True,True,A,False,,0
ACCT000561,CUST000561,active,2024-07-06,True,False,B,False,,0
ACCT000562,CUST000562,cancelled,2025-07-14,True,True,A,False,2027-05-14,0
ACCT000563,CUST000563,active,2025-10-15,True,False,A,False,,0
ACCT000564,CUST000564,active,2024-10-16,True,True,A,False,,0
ACCT000565,CUST000565,active,2023-01-10,False,True,A,False,,1
ACCT000566,CUST000566,cancelled,2016-08-24,False,False,A,False,2017-05-28,0
ACCT000567,CUST000567,active,2024-12-30,True,True,A,False,,0
ACCT000568,CUST000568,cancelled,2024-06-22,False,True,A,False,2024-12-31,1
ACCT000569,CUST000569,active,2020-10-25,True,False,A,False,,1
ACCT000570,CUST000570,active,2024-01-17,True,True,B,False,,1
ACCT000571,CUST000571,active,2024-04-02,False,False,A,False,,1
ACCT000572,CUST000572,active,2026-05-24,True,True,C,True,,1
ACCT000573,CUST000573,active,2024-06-01,True,False,C,False,,1
ACCT000574,CUST000574,cancelled,2025-09-11,True,True,B,False,2027-04-12,1
ACCT000575,CUST000575,active,2022-03-11,True,True,B,False,,0
ACCT000576,CUST000576,active,2026-03-01,False,False,B,False,,1
ACCT000577,CUST000577,suspended,2022-09-14,True,True,B,False,,0
ACCT000578,CUST000578,suspended,2026-05-30,True,True,C,True,,0
ACCT000579,CUST000579,cancelled,2025-01-01,True,True,C,False,2025-05-11,1
ACCT000580,CUST000580,suspended,2025-01-29,True,True,A,False,,1
ACCT000581,CUST000581,active,2024-10-23,True,True,B,False,,1
ACCT000582,CUST000582,cancelled,2025-02-28,False,True,C,False,2026-11-25,1
ACCT000583,CUST000583,active,2023-11-10,False,False,A,False,,0
ACCT000584,CUST000584,active,2025-02-18,True,True,B,False,,0
ACCT000585,CUST000585,active,2024-07-21,False,True,B,False,,0
ACCT000586,CUST000586,active,2026-04-11,True,True,B,False,,0
ACCT000587,CUST000587,active,2024-07-14,True,True,A,False,,1
ACCT000588,CUST000588,active,2025-04-03,True,True,A,False,,1
ACCT000589,CUST000589,active,2022-11-07,True,False,A,False,,0
ACCT000590,CUST000590,active,2024-12-31,False,True,B,False,,1
ACCT000591,CUST000591,active,2023-02-21,False,True,C,False,,0
ACCT000592,CUST000592,active,2023-06-01,True,False,C,False,,0
ACCT000593,CUST000593,active,2023-06-14,True,True,A,False,,0
ACCT000594,CUST000594,active,2024-11-18,False,True,A,False,,0
ACCT000595,CUST000595,active,2024-07-09,True,True,B,False,,1
ACCT000596,CUST000596,active,2026-06-17,True,True,B,True,,1
ACCT000597,CUST000597,active,2026-05-28,False,True,B,True,,1
ACCT000598,CUST000598,active,2024-12-23,False,False,A,False,,0
ACCT000599,CUST000599,active,2025-08-13,False,True,A,False,,0
ACCT000600,CUST000600,active,2024-07-25,True,True,B,False,,0
ACCT000601,CUST000601,active,2026-05-23,True,True,B,True,,0
ACCT000602,CUST000602,active,2026-04-16,True,False,A,False,,0
ACCT000603,CUST000603,active,2025-11-01,False,False,C,False,,0
ACCT000604,CUST000604,active,2023-06-15,True,False,B,False,,0
ACCT000605,CUST000605,active,2024-03-21,True,True,C,False,,1
ACCT000606,CUST000606,active,2023-06-15,True,False,A,False,,0
ACCT000607,CUST000607,active,2025-06-25,False,True,A,False,,0
ACCT000608,CUST000608,active,2022-08-20,False,True,C,False,,0
ACCT000609,CUST000609,active,2025-12-24,False,True,C,False,,1
ACCT000610,CUST000610,cancelled,2025-10-17,True,False,C,False,2027-06-13,0
ACCT000611,CUST000611,active,2022-08-16,False,True,C,False,,0
ACCT000612,CUST000612,active,2024-04-28,True,True,A,False,,0
ACCT000613,CUST000613,suspended,2023-05-20,True,True,A,False,,1
ACCT000614,CUST000614,active,2024-04-10,True,True,A,False,,0
ACCT000615,CUST000615,active,2025-05-05,True,False,C,False,,0
ACCT000616,CUST000616,suspended,2025-11-25,True,False,A,False,,1
ACCT000617,CUST000617,active,2026-03-09,False,True,B,False,,1
ACCT000618,CUST000618,active,2020-06-20,True,True,C,False,,0
ACCT000619,CUST000619,active,2026-02-13,True,True,C,False,,0
ACCT000620,CUST000620,active,2021-08-25,False,False,C,False,,1
ACCT000621,CUST000621,active,2024-05-21,False,True,B,False,,0
ACCT000622,CUST000622,active,2024-03-11,True,True,A,False,,0
ACCT000623,CUST000623,cancelled,2024-03-23,False,True,C,False,2026-02-25,1
ACCT000624,CUST000624,active,2023-09-10,True,True,A,False,,0
ACCT000625,CUST000625,active,2025-07-11,True,True,A,False,,1
ACCT000626,CUST000626,active,2026-04-23,False,True,C,False,,0
ACCT000627,CUST000627,active,2025-05-01,False,False,B,False,,1
ACCT000628,CUST000628,active,2023-11-04,True,True,B,False,,0
ACCT000629,CUST000629,active,2025-11-02,True,True,A,False,,1
ACCT000630,CUST000630,active,2022-07-17,True,True,B,False,,1
ACCT000631,CUST000631,active,2024-09-22,True,True,C,False,,0
ACCT000632,CUST000632,active,2026-06-16,False,True,B,True,,1
ACCT000633,CUST000633,active,2024-05-02,True,True,A,False,,0
ACCT000634,CUST000634,active,2023-10-22,False,False,B,False,,0
ACCT000635,CUST000635,active,2023-10-11,True,True,C,False,,1
ACCT000636,CUST000636,active,2022-08-09,False,False,C,False,,0
ACCT000637,CUST000637,active,2026-01-26,True,True,A,False,,0
ACCT000638,CUST000638,active,2022-08-07,True,True,B,False,,0
ACCT000639,CUST000639,suspended,2022-05-13,True,True,A,False,,0
ACCT000640,CUST000640,active,2025-12-01,True,False,A,False,,0
ACCT000641,CUST000641,cancelled,2025-10-02,False,False,A,False,2026-09-30,1
ACCT000642,CUST000642,suspended,2023-03-25,False,True,B,False,,0
ACCT000643,CUST000643,active,2025-03-06,False,True,B,False,,1
ACCT000644,CUST000644,active,2026-05-25,True,True,A,True,,0
ACCT000645,CUST000645,suspended,2021-02-01,False,True,A,False,,1
ACCT000646,CUST000646,cancelled,2025-10-20,False,False,A,False,2027-02-02,1
ACCT000647,CUST000647,cancelled,2025-07-27,False,True,A,False,2027-04-30,0
ACCT000648,CUST000648,active,2024-05-20,False,True,B,False,,0
ACCT000649,CUST000649,active,2026-05-16,False,False,A,True,,1
ACCT000650,CUST000650,cancelled,2026-06-24,True,False,A,True,2026-11-17,0
ACCT000651,CUST000651,cancelled,2025-08-07,False,False,C,False,2026-04-26,0
ACCT000652,CUST000652,active,2019-10-09,True,True,A,False,,0
ACCT000653,CUST000653,active,2026-06-23,True,True,C,True,,1
ACCT000654,CUST000654,active,2025-06-04,False,True,B,False,,0
ACCT000655,CUST000655,cancelled,2025-09-13,True,True,B,False,2026-09-19,0
ACCT000656,CUST000656,active,2026-06-26,True,True,B,True,,1
ACCT000657,CUST000657,suspended,2025-04-20,True,True,A,False,,0
ACCT000658,CUST000658,active,2025-06-04,True,True,C,False,,0
ACCT000659,CUST000659,active,2024-11-18,False,True,C,False,,0
ACCT000660,CUST000660,active,2023-10-08,False,True,A,False,,0
ACCT000661,CUST000661,active,2024-10-06,True,True,B,False,,1
ACCT000662,CUST000662,active,2023-03-17,False,True,B,False,,1
ACCT000663,CUST000663,cancelled,2025-01-01,False,True,C,False,2026-04-20,1
ACCT000664,CUST000664,active,2026-06-05,False,False,C,True,,1
ACCT000665,CUST000665,suspended,2023-03-16,True,False,A,False,,1
ACCT000666,CUST000666,active,2026-05-24,True,True,C,True,,1
ACCT000667,CUST000667,active,2023-09-28,True,True,C,False,,0
ACCT000668,CUST000668,active,2025-04-28,True,True,B,False,,0
ACCT000669,CUST000669,active,2024-11-10,False,True,A,False,,0
ACCT000670,CUST000670,active,2024-12-19,True,True,C,False,,0
ACCT000671,CUST000671,active,2025-06-17,True,False,B,False,,0
ACCT000672,CUST000672,active,2026-06-22,False,True,A,True,,1
ACCT000673,CUST000673,active,2023-08-26,True,True,C,False,,1
ACCT000674,CUST000674,cancelled,2022-10-04,True,False,B,False,2024-02-24,1
ACCT000675,CUST000675,active,2023-11-16,False,True,C,False,,1
ACCT000676,CUST000676,active,2024-09-25,False,True,B,False,,0
ACCT000677,CUST000677,active,2019-01-20,True,True,A,False,,0
ACCT000678,CUST000678,active,2025-05-27,False,False,C,False,,0
ACCT000679,CUST000679,active,2024-03-11,False,True,B,False,,0
ACCT000680,CUST000680,active,2022-05-19,False,True,B,False,,0
ACCT000681,CUST000681,active,2025-10-09,True,False,A,False,,0
ACCT000682,CUST000682,active,2023-06-26,False,True,A,False,,0
ACCT000683,CUST000683,active,2020-07-21,False,False,B,False,,1
ACCT000684,CUST000684,active,2024-07-21,True,True,A,False,,0
ACCT000685,CUST000685,active,2024-05-11,False,True,C,False,,1
ACCT000686,CUST000686,cancelled,2025-06-04,False,True,C,False,2027-04-04,1
ACCT000687,CUST000687,active,2023-09-30,True,False,B,False,,0
ACCT000688,CUST000688,active,2026-06-01,False,True,A,True,,0
ACCT000689,CUST000689,active,2024-08-13,True,True,B,False,,0
ACCT000690,CUST000690,active,2026-01-10,False,False,A,False,,1
ACCT000691,CUST000691,active,2026-06-23,False,True,C,True,,0
ACCT000692,CUST000692,cancelled,2025-03-15,True,False,A,False,2026-04-01,1
ACCT000693,CUST000693,active,2025-03-24,True,True,C,False,,0
ACCT000694,CUST000694,active,2025-02-12,True,True,A,False,,1
ACCT000695,CUST000695,active,2023-04-13,False,False,A,False,,0
ACCT000696,CUST000696,active,2022-09-19,True,False,C,False,,0
ACCT000697,CUST000697,active,2024-02-10,False,True,B,False,,0
ACCT000698,CUST000698,active,2023-05-20,True,False,C,False,,1
ACCT000699,CUST000699,suspended,2025-07-03,True,False,C,False,,1
ACCT000700,CUST000700,active,2025-09-07,False,False,B,False,,0
ACCT000701,CUST000701,active,2023-09-24,False,True,A,False,,0
ACCT000702,CUST000702,active,2025-10-29,True,True,B,False,,0
ACCT000703,CUST000703,active,2025-11-08,True,True,C,False,,0
ACCT000704,CUST000704,active,2016-06-18,True,True,C,False,,0
ACCT000705,CUST000705,active,2024-07-06,True,True,A,False,,1
ACCT000706,CUST000706,active,2025-03-21,True,True,B,False,,1
ACCT000707,CUST000707,active,2026-06-17,False,True,A,True,,0
ACCT000708,CUST000708,cancelled,2026-01-23,True,True,B,False,2026-07-15,0
ACCT000709,CUST000709,active,2024-03-07,True,True,C,False,,0
ACCT000710,CUST000710,active,2024-12-20,True,True,C,False,,0
ACCT000711,CUST000711,cancelled,2022-10-19,True,True,A,False,2023-04-22,0
ACCT000712,CUST000712,active,2023-09-08,False,False,A,False,,0
ACCT000713,CUST000713,active,2025-01-21,True,False,A,False,,1
ACCT000714,CUST000714,active,2026-04-18,True,True,A,False,,0
ACCT000715,CUST000715,active,2026-05-29,False,True,A,True,,1
ACCT000716,CUST000716,suspended,2024-09-02,False,True,C,False,,1
ACCT000717,CUST000717,active,2026-04-13,False,True,A,False,,0
ACCT000718,CUST000718,cancelled,2023-11-22,False,False,A,False,2025-07-02,0
ACCT000719,CUST000719,active,2026-06-12,False,True,B,True,,1
ACCT000720,CUST000720,active,2022-08-13,False,True,A,False,,0
ACCT000721,CUST000721,active,2024-09-23,False,True,A,False,,1
ACCT000722,CUST000722,active,2025-05-20,True,False,C,False,,1
ACCT000723,CUST000723,suspended,2024-04-09,False,False,A,False,,1
ACCT000724,CUST000724,active,2024-05-26,False,False,A,False,,1
ACCT000725,CUST000725,active,2024-06-06,False,True,B,False,,0
ACCT000726,CUST000726,active,2023-01-02,True,False,A,False,,0
ACCT000727,CUST000727,active,2026-05-19,False,True,A,True,,0
ACCT000728,CUST000728,cancelled,2026-06-05,True,True,A,True,2027-06-04,0
ACCT000729,CUST000729,active,2026-05-26,False,False,A,True,,0
ACCT000730,CUST000730,active,2021-09-16,True,True,C,False,,0
ACCT000731,CUST000731,active,2025-07-10,False,False,A,False,,0
ACCT000732,CUST000732,active,2023-11-21,False,True,A,False,,0
ACCT000733,CUST000733,cancelled,2022-11-23,True,True,A,False,2024-03-13,0
ACCT000734,CUST000734,active,2023-09-24,True,True,C,False,,1
ACCT000735,CUST000735,active,2026-05-31,True,False,A,True,,0
ACCT000736,CUST000736,active,2024-03-28,False,True,C,False,,1
ACCT000737,CUST000737,active,2023-08-20,False,False,A,False,,0
ACCT000738,CUST000738,cancelled,2025-07-12,False,True,C,False,2026-09-16,1
ACCT000739,CUST000739,active,2024-08-28,True,False,A,False,,0
ACCT000740,CUST000740,active,2019-02-05,False,True,A,False,,0
ACCT000741,CUST000741,active,2023-12-13,False,True,B,False,,0
ACCT000742,CUST000742,cancelled,2024-06-04,True,False,A,False,2026-01-21,0
ACCT000743,CUST000743,cancelled,2025-02-04,True,False,B,False,2025-08-27,1
ACCT000744,CUST000744,active,2025-07-30,True,True,B,False,,0
ACCT000745,CUST000745,active,2024-03-09,True,True,B,False,,1
ACCT000746,CUST000746,active,2024-01-15,True,True,A,False,,0
ACCT000747,CUST000747,active,2024-10-06,True,False,B,False,,0
ACCT000748,CUST000748,active,2017-01-31,True,True,A,False,,0
ACCT000749,CUST000749,active,2025-06-26,True,False,C,False,,0
ACCT000750,CUST000750,cancelled,2025-08-30,True,True,B,False,2026-02-18,1
ACCT000751,CUST000751,active,2025-01-17,False,False,B,False,,1
ACCT000752,CUST000752,active,2026-05-17,True,True,C,True,,0
ACCT000753,CUST000753,active,2025-07-13,True,True,B,False,,1
ACCT000754,CUST000754,active,2024-03-15,False,True,B,False,,0
ACCT000755,CUST000755,active,2024-01-26,True,True,A,False,,0
ACCT000756,CUST000756,active,2023-05-29,True,True,B,False,,0
ACCT000757,CUST000757,cancelled,2025-04-02,True,True,A,False,2026-09-28,0
ACCT000758,CUST000758,active,2026-05-22,True,False,A,True,,0
ACCT000759,CUST000759,active,2023-06-26,False,True,C,False,,0
ACCT000760,CUST000760,active,2025-06-28,True,True,A,False,,1
ACCT000761,CUST000761,active,2025-07-26,True,False,B,False,,0
ACCT000762,CUST000762,active,2024-12-20,False,True,A,False,,0
ACCT000763,CUST000763,cancelled,2024-02-11,False,True,A,False,2025-01-22,1
ACCT000764,CUST000764,active,2023-09-22,True,False,C,False,,0
ACCT000765,CUST000765,active,2026-06-17,True,False,A,True,,1
ACCT000766,CUST000766,active,2019-06-05,True,False,B,False,,0
ACCT000767,CUST000767,active,2026-03-23,False,False,B,False,,0
ACCT000768,CUST000768,active,2024-09-15,False,True,C,False,,0
ACCT000769,CUST000769,active,2019-10-28,False,True,A,False,,0
ACCT000770,CUST000770,active,2023-04-02,True,True,B,False,,0
ACCT000771,CUST000771,active,2025-09-11,True,False,A,False,,1
ACCT000772,CUST000772,active,2024-05-11,False,False,A,False,,0
ACCT000773,CUST000773,active,2024-10-17,True,True,A,False,,0
ACCT000774,CUST000774,active,2024-11-29,False,True,A,False,,0
ACCT000775,CUST000775,active,2025-04-17,True,True,B,False,,1
ACCT000776,CUST000776,cancelled,2024-06-05,True,True,A,False,2026-01-24,0
ACCT000777,CUST000777,active,2022-07-18,True,False,A,False,,0
ACCT000778,CUST000778,active,2025-02-13,True,True,B,False,,1
ACCT000779,CUST000779,cancelled,2023-06-24,False,True,A,False,2023-11-16,1
ACCT000780,CUST000780,active,2023-02-19,True,False,A,False,,0
ACCT000781,CUST000781,active,2021-12-05,False,True,A,False,,1
ACCT000782,CUST000782,active,2025-08-21,False,True,A,False,,0
ACCT000783,CUST000783,active,2024-08-04,False,True,B,False,,1
ACCT000784,CUST000784,active,2025-05-28,False,True,C,False,,1
ACCT000785,CUST000785,active,2024-05-23,False,True,B,False,,0
ACCT000786,CUST000786,active,2026-06-14,False,True,B,True,,0
ACCT000787,CUST000787,active,2025-10-20,True,True,A,False,,0
ACCT000788,CUST000788,cancelled,2024-05-07,False,True,C,False,2025-01-01,1
ACCT000789,CUST000789,active,2019-02-25,False,True,A,False,,1
ACCT000790,CUST000790,active,2023-10-08,True,True,A,False,,0
ACCT000791,CUST000791,active,2025-12-29,False,False,A,False,,0
ACCT000792,CUST000792,active,2026-06-24,True,True,A,True,,0
ACCT000793,CUST000793,active,2024-08-25,False,True,B,False,,0
ACCT000794,CUST000794,active,2025-08-24,True,False,A,False,,0
ACCT000795,CUST000795,suspended,2022-02-19,False,True,A,False,,1
ACCT000796,CUST000796,active,2025-12-18,True,True,A,False,,1
ACCT000797,CUST000797,active,2023-10-10,False,False,C,False,,0
ACCT000798,CUST000798,active,2026-06-29,True,True,B,True,,1
ACCT000799,CUST000799,active,2024-09-05,False,True,C,False,,1
ACCT000800,CUST000800,active,2025-09-21,True,False,C,False,,1
ACCT000801,CUST000801,active,2023-05-21,False,True,C,False,,0
ACCT000802,CUST000802,active,2022-08-14,True,True,A,False,,1
ACCT000803,CUST000803,active,2024-02-04,True,True,A,False,,0
ACCT000804,CUST000804,active,2022-07-15,True,True,A,False,,0
ACCT000805,CUST000805,active,2026-06-14,False,False,A,True,,0
ACCT000806,CUST000806,active,2024-05-21,True,True,B,False,,1
ACCT000807,CUST000807,active,2023-10-05,False,True,A,False,,0
ACCT000808,CUST000808,active,2023-06-28,True,True,A,False,,0
ACCT000809,CUST000809,active,2026-05-20,False,False,B,True,,1
ACCT000810,CUST000810,active,2023-06-20,True,True,A,False,,0
ACCT000811,CUST000811,active,2024-05-26,True,True,A,False,,1
ACCT000812,CUST000812,active,2025-11-13,True,True,A,False,,0
ACCT000813,CUST000813,active,2025-04-11,True,True,B,False,,0
ACCT000814,CUST000814,active,2022-01-30,True,True,A,False,,1
ACCT000815,CUST000815,active,2022-06-13,True,False,A,False,,0
ACCT000816,CUST000816,active,2026-06-24,True,True,A,True,,0
ACCT000817,CUST000817,suspended,2023-05-14,False,True,B,False,,0
ACCT000818,CUST000818,active,2022-09-25,True,True,A,False,,0
ACCT000819,CUST000819,cancelled,2023-10-29,False,True,A,False,2025-09-21,1
ACCT000820,CUST000820,suspended,2022-03-15,True,True,C,False,,0
ACCT000821,CUST000821,active,2026-06-14,True,False,C,True,,1
ACCT000822,CUST000822,active,2017-09-08,True,True,A,False,,0
ACCT000823,CUST000823,active,2025-03-15,True,False,A,False,,0
ACCT000824,CUST000824,active,2025-03-20,True,True,A,False,,0
ACCT000825,CUST000825,active,2023-12-19,False,True,B,False,,0
ACCT000826,CUST000826,active,2020-01-25,False,True,A,False,,0
ACCT000827,CUST000827,active,2021-12-10,False,True,C,False,,1
ACCT000828,CUST000828,active,2026-06-24,True,True,C,True,,1
ACCT000829,CUST000829,active,2021-09-27,True,False,B,False,,0
ACCT000830,CUST000830,active,2023-09-30,False,False,A,False,,0
ACCT000831,CUST000831,cancelled,2024-12-22,True,False,C,False,2026-08-30,1
ACCT000832,CUST000832,active,2018-12-28,True,False,B,False,,1
ACCT000833,CUST000833,active,2023-12-06,True,True,B,False,,0
ACCT000834,CUST000834,cancelled,2022-04-26,True,True,A,False,2022-08-05,0
ACCT000835,CUST000835,active,2026-06-07,False,True,B,True,,0
ACCT000836,CUST000836,active,2026-05-13,True,False,C,False,,0
ACCT000837,CUST000837,active,2024-05-10,True,True,C,False,,1
ACCT000838,CUST000838,active,2025-08-27,False,True,B,False,,0
ACCT000839,CUST000839,suspended,2024-02-19,False,True,B,False,,1
ACCT000840,CUST000840,active,2025-04-04,True,True,A,False,,0
ACCT000841,CUST000841,active,2016-11-17,True,False,B,False,,0
ACCT000842,CUST000842,active,2022-07-29,False,True,C,False,,0
ACCT000843,CUST000843,active,2021-06-18,True,True,B,False,,0
ACCT000844,CUST000844,active,2026-06-17,True,False,A,True,,1
ACCT000845,CUST000845,active,2023-02-01,True,True,A,False,,1
ACCT000846,CUST000846,active,2024-11-02,True,True,B,False,,0
ACCT000847,CUST000847,active,2021-05-26,False,True,C,False,,0
ACCT000848,CUST000848,active,2023-06-16,False,True,A,False,,0
ACCT000849,CUST000849,cancelled,2024-09-06,False,True,A,False,2026-04-28,1
ACCT000850,CUST000850,active,2025-11-28,False,True,C,False,,0
ACCT000851,CUST000851,active,2024-04-22,False,True,B,False,,0
ACCT000852,CUST000852,active,2022-03-15,False,True,A,False,,0
ACCT000853,CUST000853,active,2021-03-26,False,True,A,False,,0
ACCT000854,CUST000854,active,2025-02-05,True,False,A,False,,0
ACCT000855,CUST000855,active,2017-11-01,True,True,A,False,,1
ACCT000856,CUST000856,active,2022-05-29,True,True,B,False,,0
ACCT000857,CUST000857,cancelled,2025-08-25,True,True,B,False,2025-12-06,1
ACCT000858,CUST000858,suspended,2025-11-01,True,True,B,False,,0
ACCT000859,CUST000859,active,2024-10-02,True,False,B,False,,0
ACCT000860,CUST000860,active,2025-01-23,False,True,A,False,,1
ACCT000861,CUST000861,active,2023-10-09,True,True,A,False,,0
ACCT000862,CUST000862,active,2024-06-13,True,True,A,False,,0
ACCT000863,CUST000863,active,2024-12-16,True,False,A,False,,0
ACCT000864,CUST000864,active,2026-01-22,True,True,B,False,,1
ACCT000865,CUST000865,cancelled,2023-04-21,False,False,A,False,2023-09-07,1
ACCT000866,CUST000866,active,2026-02-21,True,True,B,False,,1
ACCT000867,CUST000867,active,2022-05-19,True,True,A,False,,1
ACCT000868,CUST000868,active,2026-04-05,True,False,A,False,,1
ACCT000869,CUST000869,active,2026-02-04,False,True,A,False,,1
ACCT000870,CUST000870,active,2026-06-15,False,True,B,True,,0
ACCT000871,CUST000871,active,2025-02-19,True,True,B,False,,0
ACCT000872,CUST000872,active,2025-06-01,True,True,C,False,,0
ACCT000873,CUST000873,cancelled,2025-02-18,False,True,A,False,2026-12-02,1
ACCT000874,CUST000874,active,2026-05-29,False,True,B,True,,0
ACCT000875,CUST000875,cancelled,2025-08-15,True,True,B,False,2026-01-05,1
ACCT000876,CUST000876,active,2024-02-26,True,True,A,False,,1
ACCT000877,CUST000877,active,2026-05-12,True,True,A,False,,0
ACCT000878,CUST000878,active,2025-08-19,True,False,A,False,,1
ACCT000879,CUST000879,active,2026-02-08,False,True,A,False,,1
ACCT000880,CUST000880,active,2022-06-16,False,True,C,False,,0
ACCT000881,CUST000881,active,2026-06-08,False,True,A,True,,1
ACCT000882,CUST000882,active,2023-07-05,False,True,B,False,,0
ACCT000883,CUST000883,active,2026-03-18,True,True,B,False,,0
ACCT000884,CUST000884,active,2021-03-25,False,False,A,False,,1
ACCT000885,CUST000885,active,2024-06-01,True,False,B,False,,0
ACCT000886,CUST000886,active,2024-07-14,True,True,A,False,,0
ACCT000887,CUST000887,cancelled,2026-01-29,False,False,A,False,2026-10-14,0
ACCT000888,CUST000888,active,2025-09-16,True,False,A,False,,0
ACCT000889,CUST000889,active,2024-11-19,False,False,A,False,,0
ACCT000890,CUST000890,active,2025-09-20,False,False,A,False,,0
ACCT000891,CUST000891,active,2022-09-19,False,True,B,False,,0
ACCT000892,CUST000892,cancelled,2026-06-28,False,True,B,True,2026-11-24,1
ACCT000893,CUST000893,active,2025-09-26,True,True,B,False,,0
ACCT000894,CUST000894,active,2023-02-14,True,True,A,False,,0
ACCT000895,CUST000895,active,2025-02-03,False,False,C,False,,0
ACCT000896,CUST000896,cancelled,2026-06-22,False,True,A,True,2027-09-19,0
ACCT000897,CUST000897,active,2025-05-01,False,True,C,False,,0
ACCT000898,CUST000898,suspended,2023-08-22,True,False,B,False,,0
ACCT000899,CUST000899,active,2025-02-18,True,True,B,False,,0
ACCT000900,CUST000900,cancelled,2022-09-19,True,False,A,False,2022-12-25,0
ACCT000901,CUST000901,active,2026-03-15,False,True,B,False,,1
ACCT000902,CUST000902,active,2025-11-29,False,True,B,False,,0
ACCT000903,CUST000903,active,2024-10-27,False,True,A,False,,1
ACCT000904,CUST000904,active,2025-07-04,True,True,B,False,,0
ACCT000905,CUST000905,cancelled,2025-03-05,True,True,A,False,2025-11-09,0
ACCT000906,CUST000906,cancelled,2023-06-13,True,True,B,False,2024-03-14,1
ACCT000907,CUST000907,active,2025-03-25,True,True,B,False,,1
ACCT000908,CUST000908,cancelled,2024-01-30,True,True,C,False,2025-06-01,1
ACCT000909,CUST000909,active,2025-08-25,False,False,A,False,,1
ACCT000910,CUST000910,active,2026-04-14,True,True,A,False,,0
ACCT000911,CUST000911,active,2023-03-28,True,True,A,False,,0
ACCT000912,CUST000912,active,2020-06-11,False,True,A,False,,0
ACCT000913,CUST000913,active,2024-03-26,False,False,B,False,,0
ACCT000914,CUST000914,active,2024-09-23,True,False,A,False,,1
ACCT000915,CUST000915,active,2024-05-28,True,False,B,False,,0
ACCT000916,CUST000916,active,2021-09-18,False,False,A,False,,0
ACCT000917,CUST000917,active,2024-03-29,False,True,A,False,,1
ACCT000918,CUST000918,active,2026-06-29,False,True,A,True,,1
ACCT000919,CUST000919,active,2023-02-19,True,True,A,False,,0
ACCT000920,CUST000920,active,2022-06-11,True,False,A,False,,0
ACCT000921,CUST000921,active,2024-09-17,False,True,A,False,,1
ACCT000922,CUST000922,active,2025-04-10,True,True,A,False,,1
ACCT000923,CUST000923,active,2023-09-01,True,False,A,False,,0
ACCT000924,CUST000924,active,2022-08-26,False,False,B,False,,0
ACCT000925,CUST000925,active,2026-06-08,True,False,C,True,,0
ACCT000926,CUST000926,active,2021-04-24,False,True,B,False,,1
ACCT000927,CUST000927,cancelled,2022-12-18,False,True,A,False,2024-01-09,1
ACCT000928,CUST000928,active,2026-06-23,True,True,A,True,,1
ACCT000929,CUST000929,cancelled,2024-03-16,False,True,A,False,2024-09-19,1
ACCT000930,CUST000930,cancelled,2024-05-28,True,True,B,False,2025-05-29,1
ACCT000931,CUST000931,active,2024-08-01,False,True,B,False,,0
ACCT000932,CUST000932,active,2023-09-02,False,False,A,False,,0
ACCT000933,CUST000933,active,2024-11-30,False,True,A,False,,0
ACCT000934,CUST000934,active,2024-11-13,True,True,A,False,,0
ACCT000935,CUST000935,active,2020-03-06,False,False,A,False,,0
ACCT000936,CUST000936,cancelled,2026-06-26,False,True,C,True,2027-06-23,1
ACCT000937,CUST000937,active,2022-07-01,False,True,A,False,,1
ACCT000938,CUST000938,active,2026-06-14,False,True,A,True,,1
ACCT000939,CUST000939,active,2024-03-11,True,True,A,False,,0
ACCT000940,CUST000940,active,2024-10-13,False,False,A,False,,0
ACCT000941,CUST000941,active,2025-09-02,True,True,A,False,,0
ACCT000942,CUST000942,cancelled,2026-02-25,True,True,A,False,2026-12-15,1
ACCT000943,CUST000943,active,2023-07-16,False,False,A,False,,0
ACCT000944,CUST000944,active,2023-11-30,False,True,A,False,,0
ACCT000945,CUST000945,active,2023-03-02,False,False,B,False,,1
ACCT000946,CUST000946,active,2025-03-29,True,True,B,False,,0
ACCT000947,CUST000947,active,2019-10-03,True,False,A,False,,0
ACCT000948,CUST000948,active,2023-10-11,True,True,C,False,,0
ACCT000949,CUST000949,active,2024-09-12,True,True,A,False,,0
ACCT000950,CUST000950,active,2026-04-09,False,False,C,False,,1
ACCT000951,CUST000951,suspended,2026-05-18,False,False,C,True,,1
ACCT000952,CUST000952,active,2023-01-03,True,True,A,False,,0
ACCT000953,CUST000953,active,2021-06-11,True,True,A,False,,0
ACCT000954,CUST000954,active,2024-06-18,True,True,C,False,,0
ACCT000955,CUST000955,cancelled,2020-11-11,False,False,A,False,2021-12-28,1
ACCT000956,CUST000956,active,2025-08-22,False,False,A,False,,0
ACCT000957,CUST000957,active,2023-11-05,True,True,B,False,,0
ACCT000958,CUST000958,active,2023-10-31,True,True,A,False,,0
ACCT000959,CUST000959,active,2023-07-15,True,True,C,False,,1
ACCT000960,CUST000960,active,2024-05-06,True,False,B,False,,0
ACCT000961,CUST000961,active,2026-05-27,False,True,C,True,,1
ACCT000962,CUST000962,active,2025-09-09,False,True,B,False,,1
ACCT000963,CUST000963,active,2026-06-25,True,False,B,True,,0
ACCT000964,CUST000964,active,2022-10-17,False,True,B,False,,1
ACCT000965,CUST000965,active,2024-01-10,True,True,C,False,,1
ACCT000966,CUST000966,active,2022-08-28,True,True,C,False,,0
ACCT000967,CUST000967,active,2026-06-15,False,True,C,True,,1
ACCT000968,CUST000968,active,2023-07-07,True,False,B,False,,0
ACCT000969,CUST000969,active,2019-04-08,True,True,B,False,,0
ACCT000970,CUST000970,active,2023-04-20,False,True,A,False,,0
ACCT000971,CUST000971,active,2025-07-23,False,True,C,False,,0
ACCT000972,CUST000972,active,2024-02-19,True,False,A,False,,1
ACCT000973,CUST000973,cancelled,2022-08-01,False,True,A,False,2023-05-03,0
ACCT000974,CUST000974,suspended,2021-08-22,True,True,A,False,,1
ACCT000975,CUST000975,active,2024-03-20,False,True,B,False,,1
ACCT000976,CUST000976,active,2025-08-19,True,True,B,False,,1
ACCT000977,CUST000977,active,2024-11-21,False,False,A,False,,0
ACCT000978,CUST000978,active,2026-06-20,True,False,A,True,,0
ACCT000979,CUST000979,active,2023-01-24,False,False,A,False,,0
ACCT000980,CUST000980,suspended,2025-02-09,False,True,A,False,,1
ACCT000981,CUST000981,suspended,2026-06-11,True,True,A,True,,1
ACCT000982,CUST000982,active,2022-11-16,False,False,B,False,,1
ACCT000983,CUST000983,active,2020-12-05,True,True,A,False,,1
ACCT000984,CUST000984,active,2025-05-12,False,False,A,False,,0
ACCT000985,CUST000985,active,2026-06-07,True,True,A,True,,0
ACCT000986,CUST000986,active,2024-10-22,True,True,B,False,,0
ACCT000987,CUST000987,cancelled,2026-06-19,False,True,C,True,2027-03-26,1
ACCT000988,CUST000988,suspended,2024-09-07,True,True,A,False,,0
ACCT000989,CUST000989,active,2025-09-07,True,True,A,False,,0
ACCT000990,CUST000990,active,2024-07-27,True,True,B,False,,0
ACCT000991,CUST000991,active,2022-03-16,True,True,A,False,,0
ACCT000992,CUST000992,active,2024-11-18,True,True,C,False,,0
ACCT000993,CUST000993,active,2025-05-06,False,False,C,False,,0
ACCT000994,CUST000994,active,2024-10-06,False,True,B,False,,0
ACCT000995,CUST000995,active,2025-09-27,True,False,C,False,,1
ACCT000996,CUST000996,active,2024-10-26,True,True,A,False,,0
ACCT000997,CUST000997,active,2025-03-27,False,True,A,False,,0
ACCT000998,CUST000998,active,2018-06-07,False,True,A,False,,0
ACCT000999,CUST000999,active,2026-03-23,False,False,A,False,,0
ACCT001000,CUST001000,active,2025-07-26,True,True,A,False,,0
