reco_id,account_id,recommended_product_id,recommended_promotion_id,score,rationale,scored_date
REC000001,ACCT000001,PROD_MOB,PROMO_XSELL_1,0.606,Internet customer without mobile,2026-06-30
REC000002,ACCT000002,PROD_MOB,PROMO_XSELL_1,0.63,Internet customer without mobile,2026-06-30
REC000003,ACCT000003,PROD_MOB,PROMO_XSELL_1,0.382,Internet customer without mobile,2026-06-30
REC000004,ACCT000004,PROD_TV,PROMO_XSELL_2,0.725,Eligible for TV + internet bundle,2026-06-30
REC000005,ACCT000005,PROD_TV,PROMO_XSELL_2,0.378,Eligible for TV + internet bundle,2026-06-30
REC000006,ACCT000006,PROD_MOB,PROMO_XSELL_1,0.821,Internet customer without mobile,2026-06-30
REC000007,ACCT000007,PROD_MOB,PROMO_XSELL_1,0.498,Internet customer without mobile,2026-06-30
REC000008,ACCT000009,PROD_TV,PROMO_XSELL_2,0.561,Eligible for TV + internet bundle,2026-06-30
REC000009,ACCT000010,PROD_TV,PROMO_XSELL_2,0.768,Eligible for TV + internet bundle,2026-06-30
REC000010,ACCT000011,PROD_MOB,PROMO_XSELL_1,0.574,Internet customer without mobile,2026-06-30
REC000011,ACCT000013,PROD_MOB,PROMO_XSELL_1,0.587,Internet customer without mobile,2026-06-30
REC000012,ACCT000014,PROD_MOB,PROMO_XSELL_1,0.601,Internet customer without mobile,2026-06-30
REC000013,ACCT000015,PROD_TV,PROMO_XSELL_2,0.45,Eligible for TV + internet bundle,2026-06-30
REC000014,ACCT000017,PROD_MOB,PROMO_XSELL_1,0.526,Internet customer without mobile,2026-06-30
REC000015,ACCT000018,PROD_MOB,PROMO_XSELL_1,0.693,Internet customer without mobile,2026-06-30
REC000016,ACCT000019,PROD_MOB,PROMO_XSELL_1,0.433,Internet customer without mobile,2026-06-30
REC000017,ACCT000020,PROD_MOB,PROMO_XSELL_1,0.5,Internet customer without mobile,2026-06-30
REC000018,ACCT000021,PROD_MOB,PROMO_XSELL_1,0.614,Internet customer without mobile,2026-06-30
REC000019,ACCT000022,PROD_MOB,PROMO_XSELL_1,0.458,Internet customer without mobile,2026-06-30
REC000020,ACCT000023,PROD_TV,PROMO_XSELL_2,0.537,Eligible for TV + internet bundle,2026-06-30
REC000021,ACCT000024,PROD_MOB,PROMO_XSELL_1,0.688,Internet customer without mobile,2026-06-30
REC000022,ACCT000025,PROD_TV,PROMO_XSELL_2,0.478,Eligible for TV + internet bundle,2026-06-30
REC000023,ACCT000026,PROD_MOB,PROMO_XSELL_1,0.45,Internet customer without mobile,2026-06-30
REC000024,ACCT000027,PROD_TV,PROMO_XSELL_2,0.311,Eligible for TV + internet bundle,2026-06-30
REC000025,ACCT000028,PROD_MOB,PROMO_XSELL_1,0.75,Internet customer without mobile,2026-06-30
REC000026,ACCT000029,PROD_MOB,PROMO_XSELL_1,0.698,Internet customer without mobile,2026-06-30
REC000027,ACCT000030,PROD_MOB,PROMO_XSELL_1,0.75,Internet customer without mobile,2026-06-30
REC000028,ACCT000031,PROD_MOB,PROMO_XSELL_1,0.313,Internet customer without mobile,2026-06-30
REC000029,ACCT000032,PROD_TV,PROMO_XSELL_2,0.357,Eligible for TV + internet bundle,2026-06-30
REC000030,ACCT000034,PROD_TV,PROMO_XSELL_2,0.448,Eligible for TV + internet bundle,2026-06-30
REC000031,ACCT000036,PROD_MOB,PROMO_XSELL_1,0.778,Internet customer without mobile,2026-06-30
REC000032,ACCT000037,PROD_TV,PROMO_XSELL_2,0.456,Eligible for TV + internet bundle,2026-06-30
REC000033,ACCT000038,PROD_TV,PROMO_XSELL_2,0.511,Eligible for TV + internet bundle,2026-06-30
REC000034,ACCT000039,PROD_MOB,PROMO_XSELL_1,0.609,Internet customer without mobile,2026-06-30
REC000035,ACCT000040,PROD_TV,PROMO_XSELL_2,0.69,Eligible for TV + internet bundle,2026-06-30
REC000036,ACCT000042,PROD_TV,PROMO_XSELL_2,0.571,Eligible for TV + internet bundle,2026-06-30
REC000037,ACCT000043,PROD_MOB,PROMO_XSELL_1,0.633,Internet customer without mobile,2026-06-30
REC000038,ACCT000044,PROD_TV,PROMO_XSELL_2,0.659,Eligible for TV + internet bundle,2026-06-30
REC000039,ACCT000045,PROD_MOB,PROMO_XSELL_1,0.602,Internet customer without mobile,2026-06-30
REC000040,ACCT000047,PROD_MOB,PROMO_XSELL_1,0.536,Internet customer without mobile,2026-06-30
REC000041,ACCT000048,PROD_MOB,PROMO_XSELL_1,0.425,Internet customer without mobile,2026-06-30
REC000042,ACCT000049,PROD_MOB,PROMO_XSELL_1,0.43,Internet customer without mobile,2026-06-30
REC000043,ACCT000050,PROD_TV,PROMO_XSELL_2,0.552,Eligible for TV + internet bundle,2026-06-30
REC000044,ACCT000051,PROD_MOB,PROMO_XSELL_1,0.357,Internet customer without mobile,2026-06-30
REC000045,ACCT000052,PROD_MOB,PROMO_XSELL_1,0.649,Internet customer without mobile,2026-06-30
REC000046,ACCT000053,PROD_MOB,PROMO_XSELL_1,0.584,Internet customer without mobile,2026-06-30
REC000047,ACCT000054,PROD_MOB,PROMO_XSELL_1,0.489,Internet customer without mobile,2026-06-30
REC000048,ACCT000055,PROD_TV,PROMO_XSELL_2,0.408,Eligible for TV + internet bundle,2026-06-30
REC000049,ACCT000056,PROD_TV,PROMO_XSELL_2,0.734,Eligible for TV + internet bundle,2026-06-30
REC000050,ACCT000057,PROD_MOB,PROMO_XSELL_1,0.638,Internet customer without mobile,2026-06-30
REC000051,ACCT000058,PROD_MOB,PROMO_XSELL_1,0.706,Internet customer without mobile,2026-06-30
REC000052,ACCT000059,PROD_MOB,PROMO_XSELL_1,0.536,Internet customer without mobile,2026-06-30
REC000053,ACCT000060,PROD_TV,PROMO_XSELL_2,0.775,Eligible for TV + internet bundle,2026-06-30
REC000054,ACCT000061,PROD_MOB,PROMO_XSELL_1,0.427,Internet customer without mobile,2026-06-30
REC000055,ACCT000063,PROD_MOB,PROMO_XSELL_1,0.727,Internet customer without mobile,2026-06-30
REC000056,ACCT000064,PROD_TV,PROMO_XSELL_2,0.526,Eligible for TV + internet bundle,2026-06-30
REC000057,ACCT000065,PROD_VOICE,,0.479,Add home phone to bundle,2026-06-30
REC000058,ACCT000066,PROD_TV,PROMO_XSELL_2,0.532,Eligible for TV + internet bundle,2026-06-30
REC000059,ACCT000067,PROD_MOB,PROMO_XSELL_1,0.858,Internet customer without mobile,2026-06-30
REC000060,ACCT000068,PROD_TV,PROMO_XSELL_2,0.414,Eligible for TV + internet bundle,2026-06-30
REC000061,ACCT000069,PROD_MOB,PROMO_XSELL_1,0.635,Internet customer without mobile,2026-06-30
REC000062,ACCT000071,PROD_MOB,PROMO_XSELL_1,0.574,Internet customer without mobile,2026-06-30
REC000063,ACCT000072,PROD_MOB,PROMO_XSELL_1,0.519,Internet customer without mobile,2026-06-30
REC000064,ACCT000073,PROD_VOICE,,0.62,Add home phone to bundle,2026-06-30
REC000065,ACCT000074,PROD_MOB,PROMO_XSELL_1,0.47,Internet customer without mobile,2026-06-30
REC000066,ACCT000075,PROD_MOB,PROMO_XSELL_1,0.821,Internet customer without mobile,2026-06-30
REC000067,ACCT000076,PROD_MOB,PROMO_XSELL_1,0.71,Internet customer without mobile,2026-06-30
REC000068,ACCT000077,PROD_TV,PROMO_XSELL_2,0.695,Eligible for TV + internet bundle,2026-06-30
REC000069,ACCT000078,PROD_TV,PROMO_XSELL_2,0.597,Eligible for TV + internet bundle,2026-06-30
REC000070,ACCT000079,PROD_MOB,PROMO_XSELL_1,0.57,Internet customer without mobile,2026-06-30
REC000071,ACCT000080,PROD_TV,PROMO_XSELL_2,0.565,Eligible for TV + internet bundle,2026-06-30
REC000072,ACCT000081,PROD_TV,PROMO_XSELL_2,0.602,Eligible for TV + internet bundle,2026-06-30
REC000073,ACCT000082,PROD_TV,PROMO_XSELL_2,0.529,Eligible for TV + internet bundle,2026-06-30
REC000074,ACCT000083,PROD_MOB,PROMO_XSELL_1,0.621,Internet customer without mobile,2026-06-30
REC000075,ACCT000084,PROD_MOB,PROMO_XSELL_1,0.477,Internet customer without mobile,2026-06-30
REC000076,ACCT000085,PROD_TV,PROMO_XSELL_2,0.462,Eligible for TV + internet bundle,2026-06-30
REC000077,ACCT000086,PROD_MOB,PROMO_XSELL_1,0.611,Internet customer without mobile,2026-06-30
REC000078,ACCT000087,PROD_MOB,PROMO_XSELL_1,0.461,Internet customer without mobile,2026-06-30
REC000079,ACCT000088,PROD_MOB,PROMO_XSELL_1,0.725,Internet customer without mobile,2026-06-30
REC000080,ACCT000089,PROD_TV,PROMO_XSELL_2,0.8,Eligible for TV + internet bundle,2026-06-30
REC000081,ACCT000091,PROD_MOB,PROMO_XSELL_1,0.578,Internet customer without mobile,2026-06-30
REC000082,ACCT000092,PROD_TV,PROMO_XSELL_2,0.784,Eligible for TV + internet bundle,2026-06-30
REC000083,ACCT000094,PROD_TV,PROMO_XSELL_2,0.639,Eligible for TV + internet bundle,2026-06-30
REC000084,ACCT000095,PROD_TV,PROMO_XSELL_2,0.643,Eligible for TV + internet bundle,2026-06-30
REC000085,ACCT000096,PROD_MOB,PROMO_XSELL_1,0.619,Internet customer without mobile,2026-06-30
REC000086,ACCT000097,PROD_MOB,PROMO_XSELL_1,0.507,Internet customer without mobile,2026-06-30
REC000087,ACCT000098,PROD_MOB,PROMO_XSELL_1,0.332,Internet customer without mobile,2026-06-30
REC000088,ACCT000099,PROD_TV,PROMO_XSELL_2,0.681,Eligible for TV + internet bundle,2026-06-30
REC000089,ACCT000100,PROD_TV,PROMO_XSELL_2,0.608,Eligible for TV + internet bundle,2026-06-30
REC000090,ACCT000101,PROD_TV,PROMO_XSELL_2,0.454,Eligible for TV + internet bundle,2026-06-30
REC000091,ACCT000102,PROD_MOB,PROMO_XSELL_1,0.432,Internet customer without mobile,2026-06-30
REC000092,ACCT000103,PROD_TV,PROMO_XSELL_2,0.563,Eligible for TV + internet bundle,2026-06-30
REC000093,ACCT000104,PROD_TV,PROMO_XSELL_2,0.306,Eligible for TV + internet bundle,2026-06-30
REC000094,ACCT000105,PROD_TV,PROMO_XSELL_2,0.645,Eligible for TV + internet bundle,2026-06-30
REC000095,ACCT000106,PROD_MOB,PROMO_XSELL_1,0.528,Internet customer without mobile,2026-06-30
REC000096,ACCT000107,PROD_MOB,PROMO_XSELL_1,0.508,Internet customer without mobile,2026-06-30
REC000097,ACCT000108,PROD_MOB,PROMO_XSELL_1,0.454,Internet customer without mobile,2026-06-30
REC000098,ACCT000109,PROD_MOB,PROMO_XSELL_1,0.876,Internet customer without mobile,2026-06-30
REC000099,ACCT000110,PROD_MOB,PROMO_XSELL_1,0.637,Internet customer without mobile,2026-06-30
REC000100,ACCT000111,PROD_MOB,PROMO_XSELL_1,0.751,Internet customer without mobile,2026-06-30
REC000101,ACCT000112,PROD_TV,PROMO_XSELL_2,0.692,Eligible for TV + internet bundle,2026-06-30
REC000102,ACCT000113,PROD_MOB,PROMO_XSELL_1,0.816,Internet customer without mobile,2026-06-30
REC000103,ACCT000114,PROD_MOB,PROMO_XSELL_1,0.437,Internet customer without mobile,2026-06-30
REC000104,ACCT000115,PROD_MOB,PROMO_XSELL_1,0.595,Internet customer without mobile,2026-06-30
REC000105,ACCT000116,PROD_MOB,PROMO_XSELL_1,0.622,Internet customer without mobile,2026-06-30
REC000106,ACCT000117,PROD_MOB,PROMO_XSELL_1,0.459,Internet customer without mobile,2026-06-30
REC000107,ACCT000119,PROD_MOB,PROMO_XSELL_1,0.584,Internet customer without mobile,2026-06-30
REC000108,ACCT000120,PROD_MOB,PROMO_XSELL_1,0.656,Internet customer without mobile,2026-06-30
REC000109,ACCT000121,PROD_MOB,PROMO_XSELL_1,0.404,Internet customer without mobile,2026-06-30
REC000110,ACCT000122,PROD_TV,PROMO_XSELL_2,0.53,Eligible for TV + internet bundle,2026-06-30
REC000111,ACCT000123,PROD_MOB,PROMO_XSELL_1,0.435,Internet customer without mobile,2026-06-30
REC000112,ACCT000124,PROD_MOB,PROMO_XSELL_1,0.547,Internet customer without mobile,2026-06-30
REC000113,ACCT000125,PROD_MOB,PROMO_XSELL_1,0.739,Internet customer without mobile,2026-06-30
REC000114,ACCT000126,PROD_MOB,PROMO_XSELL_1,0.462,Internet customer without mobile,2026-06-30
REC000115,ACCT000127,PROD_TV,PROMO_XSELL_2,0.538,Eligible for TV + internet bundle,2026-06-30
REC000116,ACCT000129,PROD_TV,PROMO_XSELL_2,0.449,Eligible for TV + internet bundle,2026-06-30
REC000117,ACCT000130,PROD_MOB,PROMO_XSELL_1,0.632,Internet customer without mobile,2026-06-30
REC000118,ACCT000131,PROD_TV,PROMO_XSELL_2,0.345,Eligible for TV + internet bundle,2026-06-30
REC000119,ACCT000132,PROD_MOB,PROMO_XSELL_1,0.746,Internet customer without mobile,2026-06-30
REC000120,ACCT000133,PROD_TV,PROMO_XSELL_2,0.5,Eligible for TV + internet bundle,2026-06-30
REC000121,ACCT000134,PROD_MOB,PROMO_XSELL_1,0.586,Internet customer without mobile,2026-06-30
REC000122,ACCT000135,PROD_MOB,PROMO_XSELL_1,0.424,Internet customer without mobile,2026-06-30
REC000123,ACCT000136,PROD_TV,PROMO_XSELL_2,0.522,Eligible for TV + internet bundle,2026-06-30
REC000124,ACCT000137,PROD_MOB,PROMO_XSELL_1,0.639,Internet customer without mobile,2026-06-30
REC000125,ACCT000138,PROD_MOB,PROMO_XSELL_1,0.477,Internet customer without mobile,2026-06-30
REC000126,ACCT000139,PROD_TV,PROMO_XSELL_2,0.521,Eligible for TV + internet bundle,2026-06-30
REC000127,ACCT000140,PROD_TV,PROMO_XSELL_2,0.648,Eligible for TV + internet bundle,2026-06-30
REC000128,ACCT000141,PROD_TV,PROMO_XSELL_2,0.556,Eligible for TV + internet bundle,2026-06-30
REC000129,ACCT000142,PROD_MOB,PROMO_XSELL_1,0.667,Internet customer without mobile,2026-06-30
REC000130,ACCT000143,PROD_VOICE,,0.59,Add home phone to bundle,2026-06-30
REC000131,ACCT000144,PROD_MOB,PROMO_XSELL_1,0.636,Internet customer without mobile,2026-06-30
REC000132,ACCT000145,PROD_TV,PROMO_XSELL_2,0.364,Eligible for TV + internet bundle,2026-06-30
REC000133,ACCT000146,PROD_MOB,PROMO_XSELL_1,0.846,Internet customer without mobile,2026-06-30
REC000134,ACCT000147,PROD_MOB,PROMO_XSELL_1,0.593,Internet customer without mobile,2026-06-30
REC000135,ACCT000148,PROD_TV,PROMO_XSELL_2,0.478,Eligible for TV + internet bundle,2026-06-30
REC000136,ACCT000149,PROD_TV,PROMO_XSELL_2,0.598,Eligible for TV + internet bundle,2026-06-30
REC000137,ACCT000150,PROD_TV,PROMO_XSELL_2,0.522,Eligible for TV + internet bundle,2026-06-30
REC000138,ACCT000151,PROD_MOB,PROMO_XSELL_1,0.356,Internet customer without mobile,2026-06-30
REC000139,ACCT000152,PROD_MOB,PROMO_XSELL_1,0.649,Internet customer without mobile,2026-06-30
REC000140,ACCT000153,PROD_MOB,PROMO_XSELL_1,0.517,Internet customer without mobile,2026-06-30
REC000141,ACCT000156,PROD_TV,PROMO_XSELL_2,0.453,Eligible for TV + internet bundle,2026-06-30
REC000142,ACCT000157,PROD_MOB,PROMO_XSELL_1,0.698,Internet customer without mobile,2026-06-30
REC000143,ACCT000158,PROD_TV,PROMO_XSELL_2,0.542,Eligible for TV + internet bundle,2026-06-30
REC000144,ACCT000159,PROD_TV,PROMO_XSELL_2,0.713,Eligible for TV + internet bundle,2026-06-30
REC000145,ACCT000160,PROD_TV,PROMO_XSELL_2,0.589,Eligible for TV + internet bundle,2026-06-30
REC000146,ACCT000161,PROD_VOICE,,0.535,Add home phone to bundle,2026-06-30
REC000147,ACCT000162,PROD_MOB,PROMO_XSELL_1,0.499,Internet customer without mobile,2026-06-30
REC000148,ACCT000163,PROD_MOB,PROMO_XSELL_1,0.453,Internet customer without mobile,2026-06-30
REC000149,ACCT000164,PROD_MOB,PROMO_XSELL_1,0.419,Internet customer without mobile,2026-06-30
REC000150,ACCT000165,PROD_MOB,PROMO_XSELL_1,0.636,Internet customer without mobile,2026-06-30
REC000151,ACCT000166,PROD_TV,PROMO_XSELL_2,0.477,Eligible for TV + internet bundle,2026-06-30
REC000152,ACCT000167,PROD_MOB,PROMO_XSELL_1,0.354,Internet customer without mobile,2026-06-30
REC000153,ACCT000168,PROD_MOB,PROMO_XSELL_1,0.587,Internet customer without mobile,2026-06-30
REC000154,ACCT000169,PROD_MOB,PROMO_XSELL_1,0.401,Internet customer without mobile,2026-06-30
REC000155,ACCT000171,PROD_MOB,PROMO_XSELL_1,0.414,Internet customer without mobile,2026-06-30
REC000156,ACCT000172,PROD_MOB,PROMO_XSELL_1,0.556,Internet customer without mobile,2026-06-30
REC000157,ACCT000173,PROD_MOB,PROMO_XSELL_1,0.585,Internet customer without mobile,2026-06-30
REC000158,ACCT000174,PROD_MOB,PROMO_XSELL_1,0.707,Internet customer without mobile,2026-06-30
REC000159,ACCT000175,PROD_MOB,PROMO_XSELL_1,0.481,Internet customer without mobile,2026-06-30
REC000160,ACCT000176,PROD_MOB,PROMO_XSELL_1,0.588,Internet customer without mobile,2026-06-30
REC000161,ACCT000178,PROD_TV,PROMO_XSELL_2,0.551,Eligible for TV + internet bundle,2026-06-30
REC000162,ACCT000179,PROD_MOB,PROMO_XSELL_1,0.532,Internet customer without mobile,2026-06-30
REC000163,ACCT000180,PROD_MOB,PROMO_XSELL_1,0.591,Internet customer without mobile,2026-06-30
REC000164,ACCT000181,PROD_MOB,PROMO_XSELL_1,0.558,Internet customer without mobile,2026-06-30
REC000165,ACCT000182,PROD_TV,PROMO_XSELL_2,0.666,Eligible for TV + internet bundle,2026-06-30
REC000166,ACCT000183,PROD_VOICE,,0.558,Add home phone to bundle,2026-06-30
REC000167,ACCT000184,PROD_MOB,PROMO_XSELL_1,0.802,Internet customer without mobile,2026-06-30
REC000168,ACCT000185,PROD_TV,PROMO_XSELL_2,0.579,Eligible for TV + internet bundle,2026-06-30
REC000169,ACCT000186,PROD_TV,PROMO_XSELL_2,0.751,Eligible for TV + internet bundle,2026-06-30
REC000170,ACCT000187,PROD_MOB,PROMO_XSELL_1,0.473,Internet customer without mobile,2026-06-30
REC000171,ACCT000188,PROD_MOB,PROMO_XSELL_1,0.621,Internet customer without mobile,2026-06-30
REC000172,ACCT000189,PROD_TV,PROMO_XSELL_2,0.463,Eligible for TV + internet bundle,2026-06-30
REC000173,ACCT000190,PROD_MOB,PROMO_XSELL_1,0.559,Internet customer without mobile,2026-06-30
REC000174,ACCT000191,PROD_MOB,PROMO_XSELL_1,0.757,Internet customer without mobile,2026-06-30
REC000175,ACCT000192,PROD_MOB,PROMO_XSELL_1,0.677,Internet customer without mobile,2026-06-30
REC000176,ACCT000193,PROD_TV,PROMO_XSELL_2,0.551,Eligible for TV + internet bundle,2026-06-30
REC000177,ACCT000194,PROD_MOB,PROMO_XSELL_1,0.399,Internet customer without mobile,2026-06-30
REC000178,ACCT000195,PROD_MOB,PROMO_XSELL_1,0.584,Internet customer without mobile,2026-06-30
REC000179,ACCT000196,PROD_MOB,PROMO_XSELL_1,0.596,Internet customer without mobile,2026-06-30
REC000180,ACCT000197,PROD_MOB,PROMO_XSELL_1,0.665,Internet customer without mobile,2026-06-30
REC000181,ACCT000198,PROD_MOB,PROMO_XSELL_1,0.616,Internet customer without mobile,2026-06-30
REC000182,ACCT000200,PROD_MOB,PROMO_XSELL_1,0.367,Internet customer without mobile,2026-06-30
REC000183,ACCT000201,PROD_MOB,PROMO_XSELL_1,0.683,Internet customer without mobile,2026-06-30
REC000184,ACCT000202,PROD_MOB,PROMO_XSELL_1,0.75,Internet customer without mobile,2026-06-30
REC000185,ACCT000203,PROD_TV,PROMO_XSELL_2,0.572,Eligible for TV + internet bundle,2026-06-30
REC000186,ACCT000205,PROD_MOB,PROMO_XSELL_1,0.669,Internet customer without mobile,2026-06-30
REC000187,ACCT000208,PROD_MOB,PROMO_XSELL_1,0.577,Internet customer without mobile,2026-06-30
REC000188,ACCT000209,PROD_MOB,PROMO_XSELL_1,0.656,Internet customer without mobile,2026-06-30
REC000189,ACCT000210,PROD_TV,PROMO_XSELL_2,0.383,Eligible for TV + internet bundle,2026-06-30
REC000190,ACCT000211,PROD_MOB,PROMO_XSELL_1,0.422,Internet customer without mobile,2026-06-30
REC000191,ACCT000212,PROD_MOB,PROMO_XSELL_1,0.488,Internet customer without mobile,2026-06-30
REC000192,ACCT000213,PROD_TV,PROMO_XSELL_2,0.524,Eligible for TV + internet bundle,2026-06-30
REC000193,ACCT000214,PROD_MOB,PROMO_XSELL_1,0.535,Internet customer without mobile,2026-06-30
REC000194,ACCT000215,PROD_TV,PROMO_XSELL_2,0.547,Eligible for TV + internet bundle,2026-06-30
REC000195,ACCT000216,PROD_MOB,PROMO_XSELL_1,0.71,Internet customer without mobile,2026-06-30
REC000196,ACCT000217,PROD_MOB,PROMO_XSELL_1,0.355,Internet customer without mobile,2026-06-30
REC000197,ACCT000218,PROD_MOB,PROMO_XSELL_1,0.48,Internet customer without mobile,2026-06-30
REC000198,ACCT000219,PROD_TV,PROMO_XSELL_2,0.341,Eligible for TV + internet bundle,2026-06-30
REC000199,ACCT000220,PROD_TV,PROMO_XSELL_2,0.365,Eligible for TV + internet bundle,2026-06-30
REC000200,ACCT000222,PROD_MOB,PROMO_XSELL_1,0.449,Internet customer without mobile,2026-06-30
REC000201,ACCT000223,PROD_MOB,PROMO_XSELL_1,0.556,Internet customer without mobile,2026-06-30
REC000202,ACCT000224,PROD_MOB,PROMO_XSELL_1,0.354,Internet customer without mobile,2026-06-30
REC000203,ACCT000225,PROD_TV,PROMO_XSELL_2,0.542,Eligible for TV + internet bundle,2026-06-30
REC000204,ACCT000226,PROD_TV,PROMO_XSELL_2,0.444,Eligible for TV + internet bundle,2026-06-30
REC000205,ACCT000227,PROD_MOB,PROMO_XSELL_1,0.706,Internet customer without mobile,2026-06-30
REC000206,ACCT000230,PROD_MOB,PROMO_XSELL_1,0.585,Internet customer without mobile,2026-06-30
REC000207,ACCT000231,PROD_MOB,PROMO_XSELL_1,0.494,Internet customer without mobile,2026-06-30
REC000208,ACCT000232,PROD_TV,PROMO_XSELL_2,0.583,Eligible for TV + internet bundle,2026-06-30
REC000209,ACCT000234,PROD_MOB,PROMO_XSELL_1,0.625,Internet customer without mobile,2026-06-30
REC000210,ACCT000236,PROD_MOB,PROMO_XSELL_1,0.695,Internet customer without mobile,2026-06-30
REC000211,ACCT000237,PROD_TV,PROMO_XSELL_2,0.489,Eligible for TV + internet bundle,2026-06-30
REC000212,ACCT000238,PROD_MOB,PROMO_XSELL_1,0.514,Internet customer without mobile,2026-06-30
REC000213,ACCT000240,PROD_MOB,PROMO_XSELL_1,0.652,Internet customer without mobile,2026-06-30
REC000214,ACCT000241,PROD_MOB,PROMO_XSELL_1,0.522,Internet customer without mobile,2026-06-30
REC000215,ACCT000242,PROD_TV,PROMO_XSELL_2,0.426,Eligible for TV + internet bundle,2026-06-30
REC000216,ACCT000243,PROD_MOB,PROMO_XSELL_1,0.629,Internet customer without mobile,2026-06-30
REC000217,ACCT000244,PROD_MOB,PROMO_XSELL_1,0.555,Internet customer without mobile,2026-06-30
REC000218,ACCT000245,PROD_MOB,PROMO_XSELL_1,0.429,Internet customer without mobile,2026-06-30
REC000219,ACCT000246,PROD_MOB,PROMO_XSELL_1,0.456,Internet customer without mobile,2026-06-30
REC000220,ACCT000247,PROD_MOB,PROMO_XSELL_1,0.681,Internet customer without mobile,2026-06-30
REC000221,ACCT000248,PROD_TV,PROMO_XSELL_2,0.604,Eligible for TV + internet bundle,2026-06-30
REC000222,ACCT000249,PROD_TV,PROMO_XSELL_2,0.548,Eligible for TV + internet bundle,2026-06-30
REC000223,ACCT000250,PROD_MOB,PROMO_XSELL_1,0.527,Internet customer without mobile,2026-06-30
REC000224,ACCT000252,PROD_TV,PROMO_XSELL_2,0.627,Eligible for TV + internet bundle,2026-06-30
REC000225,ACCT000253,PROD_MOB,PROMO_XSELL_1,0.85,Internet customer without mobile,2026-06-30
REC000226,ACCT000254,PROD_MOB,PROMO_XSELL_1,0.613,Internet customer without mobile,2026-06-30
REC000227,ACCT000255,PROD_MOB,PROMO_XSELL_1,0.563,Internet customer without mobile,2026-06-30
REC000228,ACCT000256,PROD_MOB,PROMO_XSELL_1,0.447,Internet customer without mobile,2026-06-30
REC000229,ACCT000257,PROD_TV,PROMO_XSELL_2,0.382,Eligible for TV + internet bundle,2026-06-30
REC000230,ACCT000258,PROD_MOB,PROMO_XSELL_1,0.559,Internet customer without mobile,2026-06-30
REC000231,ACCT000259,PROD_TV,PROMO_XSELL_2,0.579,Eligible for TV + internet bundle,2026-06-30
REC000232,ACCT000260,PROD_MOB,PROMO_XSELL_1,0.583,Internet customer without mobile,2026-06-30
REC000233,ACCT000261,PROD_MOB,PROMO_XSELL_1,0.614,Internet customer without mobile,2026-06-30
REC000234,ACCT000262,PROD_MOB,PROMO_XSELL_1,0.602,Internet customer without mobile,2026-06-30
REC000235,ACCT000263,PROD_TV,PROMO_XSELL_2,0.67,Eligible for TV + internet bundle,2026-06-30
REC000236,ACCT000266,PROD_TV,PROMO_XSELL_2,0.439,Eligible for TV + internet bundle,2026-06-30
REC000237,ACCT000267,PROD_MOB,PROMO_XSELL_1,0.582,Internet customer without mobile,2026-06-30
REC000238,ACCT000268,PROD_MOB,PROMO_XSELL_1,0.379,Internet customer without mobile,2026-06-30
REC000239,ACCT000270,PROD_MOB,PROMO_XSELL_1,0.64,Internet customer without mobile,2026-06-30
REC000240,ACCT000271,PROD_MOB,PROMO_XSELL_1,0.581,Internet customer without mobile,2026-06-30
REC000241,ACCT000272,PROD_MOB,PROMO_XSELL_1,0.339,Internet customer without mobile,2026-06-30
REC000242,ACCT000273,PROD_MOB,PROMO_XSELL_1,0.508,Internet customer without mobile,2026-06-30
REC000243,ACCT000274,PROD_MOB,PROMO_XSELL_1,0.577,Internet customer without mobile,2026-06-30
REC000244,ACCT000275,PROD_MOB,PROMO_XSELL_1,0.441,Internet customer without mobile,2026-06-30
REC000245,ACCT000276,PROD_MOB,PROMO_XSELL_1,0.745,Internet customer without mobile,2026-06-30
REC000246,ACCT000277,PROD_MOB,PROMO_XSELL_1,0.55,Internet customer without mobile,2026-06-30
REC000247,ACCT000278,PROD_MOB,PROMO_XSELL_1,0.306,Internet customer without mobile,2026-06-30
REC000248,ACCT000279,PROD_MOB,PROMO_XSELL_1,0.36,Internet customer without mobile,2026-06-30
REC000249,ACCT000280,PROD_MOB,PROMO_XSELL_1,0.69,Internet customer without mobile,2026-06-30
REC000250,ACCT000281,PROD_TV,PROMO_XSELL_2,0.438,Eligible for TV + internet bundle,2026-06-30
REC000251,ACCT000282,PROD_MOB,PROMO_XSELL_1,0.765,Internet customer without mobile,2026-06-30
REC000252,ACCT000283,PROD_MOB,PROMO_XSELL_1,0.755,Internet customer without mobile,2026-06-30
REC000253,ACCT000284,PROD_MOB,PROMO_XSELL_1,0.862,Internet customer without mobile,2026-06-30
REC000254,ACCT000286,PROD_MOB,PROMO_XSELL_1,0.573,Internet customer without mobile,2026-06-30
REC000255,ACCT000287,PROD_MOB,PROMO_XSELL_1,0.481,Internet customer without mobile,2026-06-30
REC000256,ACCT000288,PROD_MOB,PROMO_XSELL_1,0.583,Internet customer without mobile,2026-06-30
REC000257,ACCT000289,PROD_MOB,PROMO_XSELL_1,0.58,Internet customer without mobile,2026-06-30
REC000258,ACCT000291,PROD_MOB,PROMO_XSELL_1,0.539,Internet customer without mobile,2026-06-30
REC000259,ACCT000292,PROD_TV,PROMO_XSELL_2,0.386,Eligible for TV + internet bundle,2026-06-30
REC000260,ACCT000293,PROD_MOB,PROMO_XSELL_1,0.414,Internet customer without mobile,2026-06-30
REC000261,ACCT000294,PROD_MOB,PROMO_XSELL_1,0.624,Internet customer without mobile,2026-06-30
REC000262,ACCT000295,PROD_MOB,PROMO_XSELL_1,0.554,Internet customer without mobile,2026-06-30
REC000263,ACCT000296,PROD_TV,PROMO_XSELL_2,0.685,Eligible for TV + internet bundle,2026-06-30
REC000264,ACCT000297,PROD_TV,PROMO_XSELL_2,0.34,Eligible for TV + internet bundle,2026-06-30
REC000265,ACCT000298,PROD_TV,PROMO_XSELL_2,0.645,Eligible for TV + internet bundle,2026-06-30
REC000266,ACCT000299,PROD_TV,PROMO_XSELL_2,0.569,Eligible for TV + internet bundle,2026-06-30
REC000267,ACCT000300,PROD_TV,PROMO_XSELL_2,0.476,Eligible for TV + internet bundle,2026-06-30
REC000268,ACCT000302,PROD_MOB,PROMO_XSELL_1,0.406,Internet customer without mobile,2026-06-30
REC000269,ACCT000303,PROD_MOB,PROMO_XSELL_1,0.421,Internet customer without mobile,2026-06-30
REC000270,ACCT000304,PROD_MOB,PROMO_XSELL_1,0.364,Internet customer without mobile,2026-06-30
REC000271,ACCT000305,PROD_MOB,PROMO_XSELL_1,0.647,Internet customer without mobile,2026-06-30
REC000272,ACCT000306,PROD_MOB,PROMO_XSELL_1,0.555,Internet customer without mobile,2026-06-30
REC000273,ACCT000307,PROD_MOB,PROMO_XSELL_1,0.524,Internet customer without mobile,2026-06-30
REC000274,ACCT000308,PROD_VOICE,,0.339,Add home phone to bundle,2026-06-30
REC000275,ACCT000309,PROD_TV,PROMO_XSELL_2,0.572,Eligible for TV + internet bundle,2026-06-30
REC000276,ACCT000310,PROD_VOICE,,0.327,Add home phone to bundle,2026-06-30
REC000277,ACCT000311,PROD_MOB,PROMO_XSELL_1,0.494,Internet customer without mobile,2026-06-30
REC000278,ACCT000312,PROD_TV,PROMO_XSELL_2,0.656,Eligible for TV + internet bundle,2026-06-30
REC000279,ACCT000313,PROD_MOB,PROMO_XSELL_1,0.67,Internet customer without mobile,2026-06-30
REC000280,ACCT000314,PROD_MOB,PROMO_XSELL_1,0.428,Internet customer without mobile,2026-06-30
REC000281,ACCT000315,PROD_MOB,PROMO_XSELL_1,0.623,Internet customer without mobile,2026-06-30
REC000282,ACCT000316,PROD_MOB,PROMO_XSELL_1,0.541,Internet customer without mobile,2026-06-30
REC000283,ACCT000317,PROD_MOB,PROMO_XSELL_1,0.524,Internet customer without mobile,2026-06-30
REC000284,ACCT000318,PROD_TV,PROMO_XSELL_2,0.461,Eligible for TV + internet bundle,2026-06-30
REC000285,ACCT000319,PROD_TV,PROMO_XSELL_2,0.701,Eligible for TV + internet bundle,2026-06-30
REC000286,ACCT000320,PROD_TV,PROMO_XSELL_2,0.769,Eligible for TV + internet bundle,2026-06-30
REC000287,ACCT000321,PROD_TV,PROMO_XSELL_2,0.537,Eligible for TV + internet bundle,2026-06-30
REC000288,ACCT000322,PROD_TV,PROMO_XSELL_2,0.631,Eligible for TV + internet bundle,2026-06-30
REC000289,ACCT000323,PROD_MOB,PROMO_XSELL_1,0.708,Internet customer without mobile,2026-06-30
REC000290,ACCT000324,PROD_TV,PROMO_XSELL_2,0.663,Eligible for TV + internet bundle,2026-06-30
REC000291,ACCT000326,PROD_MOB,PROMO_XSELL_1,0.429,Internet customer without mobile,2026-06-30
REC000292,ACCT000328,PROD_MOB,PROMO_XSELL_1,0.721,Internet customer without mobile,2026-06-30
REC000293,ACCT000329,PROD_MOB,PROMO_XSELL_1,0.532,Internet customer without mobile,2026-06-30
REC000294,ACCT000330,PROD_MOB,PROMO_XSELL_1,0.672,Internet customer without mobile,2026-06-30
REC000295,ACCT000331,PROD_TV,PROMO_XSELL_2,0.657,Eligible for TV + internet bundle,2026-06-30
REC000296,ACCT000332,PROD_MOB,PROMO_XSELL_1,0.664,Internet customer without mobile,2026-06-30
REC000297,ACCT000333,PROD_TV,PROMO_XSELL_2,0.376,Eligible for TV + internet bundle,2026-06-30
REC000298,ACCT000335,PROD_TV,PROMO_XSELL_2,0.477,Eligible for TV + internet bundle,2026-06-30
REC000299,ACCT000337,PROD_MOB,PROMO_XSELL_1,0.489,Internet customer without mobile,2026-06-30
REC000300,ACCT000338,PROD_MOB,PROMO_XSELL_1,0.532,Internet customer without mobile,2026-06-30
REC000301,ACCT000339,PROD_MOB,PROMO_XSELL_1,0.333,Internet customer without mobile,2026-06-30
REC000302,ACCT000342,PROD_TV,PROMO_XSELL_2,0.742,Eligible for TV + internet bundle,2026-06-30
REC000303,ACCT000345,PROD_MOB,PROMO_XSELL_1,0.541,Internet customer without mobile,2026-06-30
REC000304,ACCT000346,PROD_MOB,PROMO_XSELL_1,0.706,Internet customer without mobile,2026-06-30
REC000305,ACCT000347,PROD_TV,PROMO_XSELL_2,0.642,Eligible for TV + internet bundle,2026-06-30
REC000306,ACCT000348,PROD_MOB,PROMO_XSELL_1,0.558,Internet customer without mobile,2026-06-30
REC000307,ACCT000349,PROD_MOB,PROMO_XSELL_1,0.704,Internet customer without mobile,2026-06-30
REC000308,ACCT000350,PROD_TV,PROMO_XSELL_2,0.384,Eligible for TV + internet bundle,2026-06-30
REC000309,ACCT000351,PROD_TV,PROMO_XSELL_2,0.532,Eligible for TV + internet bundle,2026-06-30
REC000310,ACCT000352,PROD_MOB,PROMO_XSELL_1,0.52,Internet customer without mobile,2026-06-30
REC000311,ACCT000353,PROD_MOB,PROMO_XSELL_1,0.703,Internet customer without mobile,2026-06-30
REC000312,ACCT000355,PROD_TV,PROMO_XSELL_2,0.317,Eligible for TV + internet bundle,2026-06-30
REC000313,ACCT000356,PROD_MOB,PROMO_XSELL_1,0.555,Internet customer without mobile,2026-06-30
REC000314,ACCT000357,PROD_TV,PROMO_XSELL_2,0.447,Eligible for TV + internet bundle,2026-06-30
REC000315,ACCT000358,PROD_VOICE,,0.472,Add home phone to bundle,2026-06-30
REC000316,ACCT000359,PROD_TV,PROMO_XSELL_2,0.884,Eligible for TV + internet bundle,2026-06-30
REC000317,ACCT000361,PROD_MOB,PROMO_XSELL_1,0.624,Internet customer without mobile,2026-06-30
REC000318,ACCT000362,PROD_MOB,PROMO_XSELL_1,0.741,Internet customer without mobile,2026-06-30
REC000319,ACCT000363,PROD_MOB,PROMO_XSELL_1,0.69,Internet customer without mobile,2026-06-30
REC000320,ACCT000364,PROD_TV,PROMO_XSELL_2,0.674,Eligible for TV + internet bundle,2026-06-30
REC000321,ACCT000366,PROD_TV,PROMO_XSELL_2,0.443,Eligible for TV + internet bundle,2026-06-30
REC000322,ACCT000367,PROD_MOB,PROMO_XSELL_1,0.4,Internet customer without mobile,2026-06-30
REC000323,ACCT000368,PROD_TV,PROMO_XSELL_2,0.551,Eligible for TV + internet bundle,2026-06-30
REC000324,ACCT000369,PROD_MOB,PROMO_XSELL_1,0.545,Internet customer without mobile,2026-06-30
REC000325,ACCT000370,PROD_MOB,PROMO_XSELL_1,0.734,Internet customer without mobile,2026-06-30
REC000326,ACCT000371,PROD_TV,PROMO_XSELL_2,0.571,Eligible for TV + internet bundle,2026-06-30
REC000327,ACCT000372,PROD_TV,PROMO_XSELL_2,0.796,Eligible for TV + internet bundle,2026-06-30
REC000328,ACCT000373,PROD_TV,PROMO_XSELL_2,0.5,Eligible for TV + internet bundle,2026-06-30
REC000329,ACCT000374,PROD_MOB,PROMO_XSELL_1,0.687,Internet customer without mobile,2026-06-30
REC000330,ACCT000375,PROD_MOB,PROMO_XSELL_1,0.554,Internet customer without mobile,2026-06-30
REC000331,ACCT000376,PROD_MOB,PROMO_XSELL_1,0.63,Internet customer without mobile,2026-06-30
REC000332,ACCT000377,PROD_MOB,PROMO_XSELL_1,0.412,Internet customer without mobile,2026-06-30
REC000333,ACCT000378,PROD_VOICE,,0.509,Add home phone to bundle,2026-06-30
REC000334,ACCT000380,PROD_TV,PROMO_XSELL_2,0.437,Eligible for TV + internet bundle,2026-06-30
REC000335,ACCT000381,PROD_MOB,PROMO_XSELL_1,0.741,Internet customer without mobile,2026-06-30
REC000336,ACCT000382,PROD_MOB,PROMO_XSELL_1,0.553,Internet customer without mobile,2026-06-30
REC000337,ACCT000383,PROD_MOB,PROMO_XSELL_1,0.806,Internet customer without mobile,2026-06-30
REC000338,ACCT000384,PROD_MOB,PROMO_XSELL_1,0.47,Internet customer without mobile,2026-06-30
REC000339,ACCT000385,PROD_MOB,PROMO_XSELL_1,0.52,Internet customer without mobile,2026-06-30
REC000340,ACCT000386,PROD_MOB,PROMO_XSELL_1,0.521,Internet customer without mobile,2026-06-30
REC000341,ACCT000387,PROD_MOB,PROMO_XSELL_1,0.604,Internet customer without mobile,2026-06-30
REC000342,ACCT000388,PROD_MOB,PROMO_XSELL_1,0.611,Internet customer without mobile,2026-06-30
REC000343,ACCT000389,PROD_MOB,PROMO_XSELL_1,0.46,Internet customer without mobile,2026-06-30
REC000344,ACCT000390,PROD_MOB,PROMO_XSELL_1,0.523,Internet customer without mobile,2026-06-30
REC000345,ACCT000391,PROD_TV,PROMO_XSELL_2,0.709,Eligible for TV + internet bundle,2026-06-30
REC000346,ACCT000392,PROD_MOB,PROMO_XSELL_1,0.799,Internet customer without mobile,2026-06-30
REC000347,ACCT000393,PROD_MOB,PROMO_XSELL_1,0.407,Internet customer without mobile,2026-06-30
REC000348,ACCT000394,PROD_MOB,PROMO_XSELL_1,0.577,Internet customer without mobile,2026-06-30
REC000349,ACCT000395,PROD_MOB,PROMO_XSELL_1,0.697,Internet customer without mobile,2026-06-30
REC000350,ACCT000396,PROD_MOB,PROMO_XSELL_1,0.409,Internet customer without mobile,2026-06-30
REC000351,ACCT000397,PROD_TV,PROMO_XSELL_2,0.726,Eligible for TV + internet bundle,2026-06-30
REC000352,ACCT000398,PROD_TV,PROMO_XSELL_2,0.408,Eligible for TV + internet bundle,2026-06-30
REC000353,ACCT000400,PROD_TV,PROMO_XSELL_2,0.509,Eligible for TV + internet bundle,2026-06-30
REC000354,ACCT000401,PROD_MOB,PROMO_XSELL_1,0.519,Internet customer without mobile,2026-06-30
REC000355,ACCT000402,PROD_TV,PROMO_XSELL_2,0.605,Eligible for TV + internet bundle,2026-06-30
REC000356,ACCT000403,PROD_TV,PROMO_XSELL_2,0.583,Eligible for TV + internet bundle,2026-06-30
REC000357,ACCT000404,PROD_MOB,PROMO_XSELL_1,0.64,Internet customer without mobile,2026-06-30
REC000358,ACCT000405,PROD_MOB,PROMO_XSELL_1,0.554,Internet customer without mobile,2026-06-30
REC000359,ACCT000406,PROD_TV,PROMO_XSELL_2,0.603,Eligible for TV + internet bundle,2026-06-30
REC000360,ACCT000407,PROD_MOB,PROMO_XSELL_1,0.499,Internet customer without mobile,2026-06-30
REC000361,ACCT000408,PROD_MOB,PROMO_XSELL_1,0.836,Internet customer without mobile,2026-06-30
REC000362,ACCT000410,PROD_MOB,PROMO_XSELL_1,0.618,Internet customer without mobile,2026-06-30
REC000363,ACCT000411,PROD_MOB,PROMO_XSELL_1,0.63,Internet customer without mobile,2026-06-30
REC000364,ACCT000412,PROD_MOB,PROMO_XSELL_1,0.688,Internet customer without mobile,2026-06-30
REC000365,ACCT000413,PROD_MOB,PROMO_XSELL_1,0.542,Internet customer without mobile,2026-06-30
REC000366,ACCT000414,PROD_MOB,PROMO_XSELL_1,0.602,Internet customer without mobile,2026-06-30
REC000367,ACCT000415,PROD_MOB,PROMO_XSELL_1,0.528,Internet customer without mobile,2026-06-30
REC000368,ACCT000416,PROD_MOB,PROMO_XSELL_1,0.553,Internet customer without mobile,2026-06-30
REC000369,ACCT000417,PROD_MOB,PROMO_XSELL_1,0.635,Internet customer without mobile,2026-06-30
REC000370,ACCT000418,PROD_TV,PROMO_XSELL_2,0.426,Eligible for TV + internet bundle,2026-06-30
REC000371,ACCT000419,PROD_MOB,PROMO_XSELL_1,0.485,Internet customer without mobile,2026-06-30
REC000372,ACCT000420,PROD_MOB,PROMO_XSELL_1,0.573,Internet customer without mobile,2026-06-30
REC000373,ACCT000421,PROD_MOB,PROMO_XSELL_1,0.521,Internet customer without mobile,2026-06-30
REC000374,ACCT000422,PROD_MOB,PROMO_XSELL_1,0.619,Internet customer without mobile,2026-06-30
REC000375,ACCT000424,PROD_MOB,PROMO_XSELL_1,0.71,Internet customer without mobile,2026-06-30
REC000376,ACCT000426,PROD_TV,PROMO_XSELL_2,0.371,Eligible for TV + internet bundle,2026-06-30
REC000377,ACCT000427,PROD_MOB,PROMO_XSELL_1,0.582,Internet customer without mobile,2026-06-30
REC000378,ACCT000428,PROD_TV,PROMO_XSELL_2,0.68,Eligible for TV + internet bundle,2026-06-30
REC000379,ACCT000429,PROD_MOB,PROMO_XSELL_1,0.54,Internet customer without mobile,2026-06-30
REC000380,ACCT000430,PROD_MOB,PROMO_XSELL_1,0.548,Internet customer without mobile,2026-06-30
REC000381,ACCT000431,PROD_MOB,PROMO_XSELL_1,0.388,Internet customer without mobile,2026-06-30
REC000382,ACCT000433,PROD_TV,PROMO_XSELL_2,0.383,Eligible for TV + internet bundle,2026-06-30
REC000383,ACCT000434,PROD_MOB,PROMO_XSELL_1,0.568,Internet customer without mobile,2026-06-30
REC000384,ACCT000435,PROD_MOB,PROMO_XSELL_1,0.534,Internet customer without mobile,2026-06-30
REC000385,ACCT000436,PROD_TV,PROMO_XSELL_2,0.503,Eligible for TV + internet bundle,2026-06-30
REC000386,ACCT000438,PROD_MOB,PROMO_XSELL_1,0.624,Internet customer without mobile,2026-06-30
REC000387,ACCT000439,PROD_TV,PROMO_XSELL_2,0.714,Eligible for TV + internet bundle,2026-06-30
REC000388,ACCT000440,PROD_MOB,PROMO_XSELL_1,0.464,Internet customer without mobile,2026-06-30
REC000389,ACCT000441,PROD_MOB,PROMO_XSELL_1,0.583,Internet customer without mobile,2026-06-30
REC000390,ACCT000442,PROD_MOB,PROMO_XSELL_1,0.611,Internet customer without mobile,2026-06-30
REC000391,ACCT000443,PROD_TV,PROMO_XSELL_2,0.606,Eligible for TV + internet bundle,2026-06-30
REC000392,ACCT000444,PROD_MOB,PROMO_XSELL_1,0.399,Internet customer without mobile,2026-06-30
REC000393,ACCT000445,PROD_MOB,PROMO_XSELL_1,0.476,Internet customer without mobile,2026-06-30
REC000394,ACCT000446,PROD_MOB,PROMO_XSELL_1,0.503,Internet customer without mobile,2026-06-30
REC000395,ACCT000447,PROD_MOB,PROMO_XSELL_1,0.654,Internet customer without mobile,2026-06-30
REC000396,ACCT000448,PROD_TV,PROMO_XSELL_2,0.601,Eligible for TV + internet bundle,2026-06-30
REC000397,ACCT000450,PROD_MOB,PROMO_XSELL_1,0.663,Internet customer without mobile,2026-06-30
REC000398,ACCT000451,PROD_MOB,PROMO_XSELL_1,0.788,Internet customer without mobile,2026-06-30
REC000399,ACCT000452,PROD_TV,PROMO_XSELL_2,0.641,Eligible for TV + internet bundle,2026-06-30
REC000400,ACCT000453,PROD_TV,PROMO_XSELL_2,0.629,Eligible for TV + internet bundle,2026-06-30
REC000401,ACCT000454,PROD_MOB,PROMO_XSELL_1,0.509,Internet customer without mobile,2026-06-30
REC000402,ACCT000455,PROD_MOB,PROMO_XSELL_1,0.481,Internet customer without mobile,2026-06-30
REC000403,ACCT000456,PROD_TV,PROMO_XSELL_2,0.623,Eligible for TV + internet bundle,2026-06-30
REC000404,ACCT000457,PROD_MOB,PROMO_XSELL_1,0.488,Internet customer without mobile,2026-06-30
REC000405,ACCT000458,PROD_MOB,PROMO_XSELL_1,0.374,Internet customer without mobile,2026-06-30
REC000406,ACCT000459,PROD_MOB,PROMO_XSELL_1,0.343,Internet customer without mobile,2026-06-30
REC000407,ACCT000460,PROD_MOB,PROMO_XSELL_1,0.589,Internet customer without mobile,2026-06-30
REC000408,ACCT000461,PROD_MOB,PROMO_XSELL_1,0.506,Internet customer without mobile,2026-06-30
REC000409,ACCT000462,PROD_TV,PROMO_XSELL_2,0.611,Eligible for TV + internet bundle,2026-06-30
REC000410,ACCT000463,PROD_TV,PROMO_XSELL_2,0.449,Eligible for TV + internet bundle,2026-06-30
REC000411,ACCT000465,PROD_MOB,PROMO_XSELL_1,0.51,Internet customer without mobile,2026-06-30
REC000412,ACCT000466,PROD_MOB,PROMO_XSELL_1,0.545,Internet customer without mobile,2026-06-30
REC000413,ACCT000467,PROD_MOB,PROMO_XSELL_1,0.579,Internet customer without mobile,2026-06-30
REC000414,ACCT000468,PROD_MOB,PROMO_XSELL_1,0.448,Internet customer without mobile,2026-06-30
REC000415,ACCT000470,PROD_MOB,PROMO_XSELL_1,0.597,Internet customer without mobile,2026-06-30
REC000416,ACCT000471,PROD_MOB,PROMO_XSELL_1,0.632,Internet customer without mobile,2026-06-30
REC000417,ACCT000473,PROD_TV,PROMO_XSELL_2,0.588,Eligible for TV + internet bundle,2026-06-30
REC000418,ACCT000474,PROD_MOB,PROMO_XSELL_1,0.571,Internet customer without mobile,2026-06-30
REC000419,ACCT000475,PROD_MOB,PROMO_XSELL_1,0.412,Internet customer without mobile,2026-06-30
REC000420,ACCT000476,PROD_MOB,PROMO_XSELL_1,0.489,Internet customer without mobile,2026-06-30
REC000421,ACCT000477,PROD_MOB,PROMO_XSELL_1,0.384,Internet customer without mobile,2026-06-30
REC000422,ACCT000478,PROD_MOB,PROMO_XSELL_1,0.465,Internet customer without mobile,2026-06-30
REC000423,ACCT000479,PROD_MOB,PROMO_XSELL_1,0.537,Internet customer without mobile,2026-06-30
REC000424,ACCT000480,PROD_MOB,PROMO_XSELL_1,0.62,Internet customer without mobile,2026-06-30
REC000425,ACCT000481,PROD_MOB,PROMO_XSELL_1,0.672,Internet customer without mobile,2026-06-30
REC000426,ACCT000483,PROD_MOB,PROMO_XSELL_1,0.662,Internet customer without mobile,2026-06-30
REC000427,ACCT000484,PROD_MOB,PROMO_XSELL_1,0.447,Internet customer without mobile,2026-06-30
REC000428,ACCT000485,PROD_MOB,PROMO_XSELL_1,0.487,Internet customer without mobile,2026-06-30
REC000429,ACCT000486,PROD_TV,PROMO_XSELL_2,0.626,Eligible for TV + internet bundle,2026-06-30
REC000430,ACCT000487,PROD_MOB,PROMO_XSELL_1,0.429,Internet customer without mobile,2026-06-30
REC000431,ACCT000490,PROD_MOB,PROMO_XSELL_1,0.373,Internet customer without mobile,2026-06-30
REC000432,ACCT000491,PROD_MOB,PROMO_XSELL_1,0.519,Internet customer without mobile,2026-06-30
REC000433,ACCT000492,PROD_MOB,PROMO_XSELL_1,0.78,Internet customer without mobile,2026-06-30
REC000434,ACCT000493,PROD_MOB,PROMO_XSELL_1,0.648,Internet customer without mobile,2026-06-30
REC000435,ACCT000495,PROD_MOB,PROMO_XSELL_1,0.49,Internet customer without mobile,2026-06-30
REC000436,ACCT000496,PROD_TV,PROMO_XSELL_2,0.426,Eligible for TV + internet bundle,2026-06-30
REC000437,ACCT000497,PROD_MOB,PROMO_XSELL_1,0.508,Internet customer without mobile,2026-06-30
REC000438,ACCT000498,PROD_TV,PROMO_XSELL_2,0.747,Eligible for TV + internet bundle,2026-06-30
REC000439,ACCT000499,PROD_MOB,PROMO_XSELL_1,0.545,Internet customer without mobile,2026-06-30
REC000440,ACCT000500,PROD_MOB,PROMO_XSELL_1,0.446,Internet customer without mobile,2026-06-30
REC000441,ACCT000501,PROD_TV,PROMO_XSELL_2,0.763,Eligible for TV + internet bundle,2026-06-30
REC000442,ACCT000502,PROD_MOB,PROMO_XSELL_1,0.465,Internet customer without mobile,2026-06-30
REC000443,ACCT000503,PROD_TV,PROMO_XSELL_2,0.564,Eligible for TV + internet bundle,2026-06-30
REC000444,ACCT000504,PROD_MOB,PROMO_XSELL_1,0.5,Internet customer without mobile,2026-06-30
REC000445,ACCT000505,PROD_TV,PROMO_XSELL_2,0.661,Eligible for TV + internet bundle,2026-06-30
REC000446,ACCT000506,PROD_TV,PROMO_XSELL_2,0.358,Eligible for TV + internet bundle,2026-06-30
REC000447,ACCT000507,PROD_TV,PROMO_XSELL_2,0.475,Eligible for TV + internet bundle,2026-06-30
REC000448,ACCT000508,PROD_MOB,PROMO_XSELL_1,0.471,Internet customer without mobile,2026-06-30
REC000449,ACCT000509,PROD_MOB,PROMO_XSELL_1,0.674,Internet customer without mobile,2026-06-30
REC000450,ACCT000510,PROD_MOB,PROMO_XSELL_1,0.599,Internet customer without mobile,2026-06-30
REC000451,ACCT000511,PROD_MOB,PROMO_XSELL_1,0.84,Internet customer without mobile,2026-06-30
REC000452,ACCT000512,PROD_MOB,PROMO_XSELL_1,0.614,Internet customer without mobile,2026-06-30
REC000453,ACCT000513,PROD_MOB,PROMO_XSELL_1,0.702,Internet customer without mobile,2026-06-30
REC000454,ACCT000514,PROD_MOB,PROMO_XSELL_1,0.65,Internet customer without mobile,2026-06-30
REC000455,ACCT000515,PROD_MOB,PROMO_XSELL_1,0.586,Internet customer without mobile,2026-06-30
REC000456,ACCT000516,PROD_MOB,PROMO_XSELL_1,0.523,Internet customer without mobile,2026-06-30
REC000457,ACCT000517,PROD_MOB,PROMO_XSELL_1,0.684,Internet customer without mobile,2026-06-30
REC000458,ACCT000518,PROD_TV,PROMO_XSELL_2,0.446,Eligible for TV + internet bundle,2026-06-30
REC000459,ACCT000519,PROD_TV,PROMO_XSELL_2,0.624,Eligible for TV + internet bundle,2026-06-30
REC000460,ACCT000520,PROD_MOB,PROMO_XSELL_1,0.597,Internet customer without mobile,2026-06-30
REC000461,ACCT000521,PROD_TV,PROMO_XSELL_2,0.604,Eligible for TV + internet bundle,2026-06-30
REC000462,ACCT000523,PROD_MOB,PROMO_XSELL_1,0.47,Internet customer without mobile,2026-06-30
REC000463,ACCT000524,PROD_MOB,PROMO_XSELL_1,0.386,Internet customer without mobile,2026-06-30
REC000464,ACCT000525,PROD_MOB,PROMO_XSELL_1,0.613,Internet customer without mobile,2026-06-30
REC000465,ACCT000526,PROD_MOB,PROMO_XSELL_1,0.634,Internet customer without mobile,2026-06-30
REC000466,ACCT000527,PROD_MOB,PROMO_XSELL_1,0.528,Internet customer without mobile,2026-06-30
REC000467,ACCT000528,PROD_MOB,PROMO_XSELL_1,0.595,Internet customer without mobile,2026-06-30
REC000468,ACCT000529,PROD_TV,PROMO_XSELL_2,0.507,Eligible for TV + internet bundle,2026-06-30
REC000469,ACCT000530,PROD_MOB,PROMO_XSELL_1,0.738,Internet customer without mobile,2026-06-30
REC000470,ACCT000531,PROD_TV,PROMO_XSELL_2,0.709,Eligible for TV + internet bundle,2026-06-30
REC000471,ACCT000532,PROD_TV,PROMO_XSELL_2,0.625,Eligible for TV + internet bundle,2026-06-30
REC000472,ACCT000533,PROD_TV,PROMO_XSELL_2,0.571,Eligible for TV + internet bundle,2026-06-30
REC000473,ACCT000534,PROD_MOB,PROMO_XSELL_1,0.685,Internet customer without mobile,2026-06-30
REC000474,ACCT000535,PROD_MOB,PROMO_XSELL_1,0.551,Internet customer without mobile,2026-06-30
REC000475,ACCT000536,PROD_VOICE,,0.572,Add home phone to bundle,2026-06-30
REC000476,ACCT000537,PROD_MOB,PROMO_XSELL_1,0.418,Internet customer without mobile,2026-06-30
REC000477,ACCT000538,PROD_TV,PROMO_XSELL_2,0.582,Eligible for TV + internet bundle,2026-06-30
REC000478,ACCT000539,PROD_MOB,PROMO_XSELL_1,0.722,Internet customer without mobile,2026-06-30
REC000479,ACCT000540,PROD_MOB,PROMO_XSELL_1,0.575,Internet customer without mobile,2026-06-30
REC000480,ACCT000541,PROD_MOB,PROMO_XSELL_1,0.543,Internet customer without mobile,2026-06-30
REC000481,ACCT000544,PROD_TV,PROMO_XSELL_2,0.46,Eligible for TV + internet bundle,2026-06-30
REC000482,ACCT000545,PROD_TV,PROMO_XSELL_2,0.49,Eligible for TV + internet bundle,2026-06-30
REC000483,ACCT000546,PROD_MOB,PROMO_XSELL_1,0.547,Internet customer without mobile,2026-06-30
REC000484,ACCT000547,PROD_MOB,PROMO_XSELL_1,0.557,Internet customer without mobile,2026-06-30
REC000485,ACCT000548,PROD_MOB,PROMO_XSELL_1,0.32,Internet customer without mobile,2026-06-30
REC000486,ACCT000549,PROD_MOB,PROMO_XSELL_1,0.536,Internet customer without mobile,2026-06-30
REC000487,ACCT000550,PROD_MOB,PROMO_XSELL_1,0.545,Internet customer without mobile,2026-06-30
REC000488,ACCT000551,PROD_MOB,PROMO_XSELL_1,0.591,Internet customer without mobile,2026-06-30
REC000489,ACCT000552,PROD_TV,PROMO_XSELL_2,0.858,Eligible for TV + internet bundle,2026-06-30
REC000490,ACCT000553,PROD_MOB,PROMO_XSELL_1,0.616,Internet customer without mobile,2026-06-30
REC000491,ACCT000554,PROD_MOB,PROMO_XSELL_1,0.502,Internet customer without mobile,2026-06-30
REC000492,ACCT000555,PROD_MOB,PROMO_XSELL_1,0.531,Internet customer without mobile,2026-06-30
REC000493,ACCT000556,PROD_MOB,PROMO_XSELL_1,0.792,Internet customer without mobile,2026-06-30
REC000494,ACCT000557,PROD_MOB,PROMO_XSELL_1,0.518,Internet customer without mobile,2026-06-30
REC000495,ACCT000558,PROD_TV,PROMO_XSELL_2,0.376,Eligible for TV + internet bundle,2026-06-30
REC000496,ACCT000559,PROD_MOB,PROMO_XSELL_1,0.608,Internet customer without mobile,2026-06-30
REC000497,ACCT000560,PROD_TV,PROMO_XSELL_2,0.66,Eligible for TV + internet bundle,2026-06-30
REC000498,ACCT000561,PROD_TV,PROMO_XSELL_2,0.45,Eligible for TV + internet bundle,2026-06-30
REC000499,ACCT000563,PROD_TV,PROMO_XSELL_2,0.46,Eligible for TV + internet bundle,2026-06-30
REC000500,ACCT000564,PROD_MOB,PROMO_XSELL_1,0.467,Internet customer without mobile,2026-06-30
REC000501,ACCT000565,PROD_MOB,PROMO_XSELL_1,0.605,Internet customer without mobile,2026-06-30
REC000502,ACCT000567,PROD_MOB,PROMO_XSELL_1,0.554,Internet customer without mobile,2026-06-30
REC000503,ACCT000569,PROD_MOB,PROMO_XSELL_1,0.805,Internet customer without mobile,2026-06-30
REC000504,ACCT000570,PROD_MOB,PROMO_XSELL_1,0.542,Internet customer without mobile,2026-06-30
REC000505,ACCT000571,PROD_TV,PROMO_XSELL_2,0.671,Eligible for TV + internet bundle,2026-06-30
REC000506,ACCT000572,PROD_MOB,PROMO_XSELL_1,0.325,Internet customer without mobile,2026-06-30
REC000507,ACCT000573,PROD_TV,PROMO_XSELL_2,0.533,Eligible for TV + internet bundle,2026-06-30
REC000508,ACCT000575,PROD_VOICE,,0.642,Add home phone to bundle,2026-06-30
REC000509,ACCT000576,PROD_MOB,PROMO_XSELL_1,0.479,Internet customer without mobile,2026-06-30
REC000510,ACCT000577,PROD_MOB,PROMO_XSELL_1,0.647,Internet customer without mobile,2026-06-30
REC000511,ACCT000578,PROD_VOICE,,0.309,Add home phone to bundle,2026-06-30
REC000512,ACCT000580,PROD_MOB,PROMO_XSELL_1,0.476,Internet customer without mobile,2026-06-30
REC000513,ACCT000581,PROD_TV,PROMO_XSELL_2,0.65,Eligible for TV + internet bundle,2026-06-30
REC000514,ACCT000583,PROD_TV,PROMO_XSELL_2,0.55,Eligible for TV + internet bundle,2026-06-30
REC000515,ACCT000585,PROD_MOB,PROMO_XSELL_1,0.583,Internet customer without mobile,2026-06-30
REC000516,ACCT000586,PROD_TV,PROMO_XSELL_2,0.599,Eligible for TV + internet bundle,2026-06-30
REC000517,ACCT000587,PROD_MOB,PROMO_XSELL_1,0.476,Internet customer without mobile,2026-06-30
REC000518,ACCT000589,PROD_MOB,PROMO_XSELL_1,0.651,Internet customer without mobile,2026-06-30
REC000519,ACCT000590,PROD_TV,PROMO_XSELL_2,0.505,Eligible for TV + internet bundle,2026-06-30
REC000520,ACCT000591,PROD_MOB,PROMO_XSELL_1,0.754,Internet customer without mobile,2026-06-30
REC000521,ACCT000592,PROD_TV,PROMO_XSELL_2,0.73,Eligible for TV + internet bundle,2026-06-30
REC000522,ACCT000593,PROD_MOB,PROMO_XSELL_1,0.729,Internet customer without mobile,2026-06-30
REC000523,ACCT000594,PROD_MOB,PROMO_XSELL_1,0.52,Internet customer without mobile,2026-06-30
REC000524,ACCT000595,PROD_MOB,PROMO_XSELL_1,0.699,Internet customer without mobile,2026-06-30
REC000525,ACCT000596,PROD_MOB,PROMO_XSELL_1,0.307,Internet customer without mobile,2026-06-30
REC000526,ACCT000597,PROD_MOB,PROMO_XSELL_1,0.458,Internet customer without mobile,2026-06-30
REC000527,ACCT000598,PROD_MOB,PROMO_XSELL_1,0.685,Internet customer without mobile,2026-06-30
REC000528,ACCT000599,PROD_MOB,PROMO_XSELL_1,0.404,Internet customer without mobile,2026-06-30
REC000529,ACCT000600,PROD_MOB,PROMO_XSELL_1,0.495,Internet customer without mobile,2026-06-30
REC000530,ACCT000601,PROD_MOB,PROMO_XSELL_1,0.338,Internet customer without mobile,2026-06-30
REC000531,ACCT000602,PROD_MOB,PROMO_XSELL_1,0.472,Internet customer without mobile,2026-06-30
REC000532,ACCT000603,PROD_MOB,PROMO_XSELL_1,0.601,Internet customer without mobile,2026-06-30
REC000533,ACCT000604,PROD_TV,PROMO_XSELL_2,0.728,Eligible for TV + internet bundle,2026-06-30
REC000534,ACCT000605,PROD_MOB,PROMO_XSELL_1,0.642,Internet customer without mobile,2026-06-30
REC000535,ACCT000607,PROD_MOB,PROMO_XSELL_1,0.491,Internet customer without mobile,2026-06-30
REC000536,ACCT000608,PROD_MOB,PROMO_XSELL_1,0.693,Internet customer without mobile,2026-06-30
REC000537,ACCT000609,PROD_MOB,PROMO_XSELL_1,0.375,Internet customer without mobile,2026-06-30
REC000538,ACCT000611,PROD_MOB,PROMO_XSELL_1,0.564,Internet customer without mobile,2026-06-30
REC000539,ACCT000612,PROD_MOB,PROMO_XSELL_1,0.697,Internet customer without mobile,2026-06-30
REC000540,ACCT000613,PROD_TV,PROMO_XSELL_2,0.73,Eligible for TV + internet bundle,2026-06-30
REC000541,ACCT000614,PROD_TV,PROMO_XSELL_2,0.541,Eligible for TV + internet bundle,2026-06-30
REC000542,ACCT000615,PROD_MOB,PROMO_XSELL_1,0.39,Internet customer without mobile,2026-06-30
REC000543,ACCT000616,PROD_TV,PROMO_XSELL_2,0.412,Eligible for TV + internet bundle,2026-06-30
REC000544,ACCT000618,PROD_TV,PROMO_XSELL_2,0.848,Eligible for TV + internet bundle,2026-06-30
REC000545,ACCT000619,PROD_MOB,PROMO_XSELL_1,0.51,Internet customer without mobile,2026-06-30
REC000546,ACCT000620,PROD_TV,PROMO_XSELL_2,0.852,Eligible for TV + internet bundle,2026-06-30
REC000547,ACCT000622,PROD_TV,PROMO_XSELL_2,0.64,Eligible for TV + internet bundle,2026-06-30
REC000548,ACCT000624,PROD_MOB,PROMO_XSELL_1,0.768,Internet customer without mobile,2026-06-30
REC000549,ACCT000625,PROD_MOB,PROMO_XSELL_1,0.563,Internet customer without mobile,2026-06-30
REC000550,ACCT000626,PROD_TV,PROMO_XSELL_2,0.571,Eligible for TV + internet bundle,2026-06-30
REC000551,ACCT000627,PROD_MOB,PROMO_XSELL_1,0.558,Internet customer without mobile,2026-06-30
REC000552,ACCT000628,PROD_MOB,PROMO_XSELL_1,0.701,Internet customer without mobile,2026-06-30
REC000553,ACCT000629,PROD_MOB,PROMO_XSELL_1,0.544,Internet customer without mobile,2026-06-30
REC000554,ACCT000630,PROD_MOB,PROMO_XSELL_1,0.689,Internet customer without mobile,2026-06-30
REC000555,ACCT000631,PROD_TV,PROMO_XSELL_2,0.586,Eligible for TV + internet bundle,2026-06-30
REC000556,ACCT000632,PROD_MOB,PROMO_XSELL_1,0.302,Internet customer without mobile,2026-06-30
REC000557,ACCT000633,PROD_MOB,PROMO_XSELL_1,0.695,Internet customer without mobile,2026-06-30
REC000558,ACCT000634,PROD_MOB,PROMO_XSELL_1,0.669,Internet customer without mobile,2026-06-30
REC000559,ACCT000635,PROD_TV,PROMO_XSELL_2,0.563,Eligible for TV + internet bundle,2026-06-30
REC000560,ACCT000636,PROD_MOB,PROMO_XSELL_1,0.63,Internet customer without mobile,2026-06-30
REC000561,ACCT000637,PROD_MOB,PROMO_XSELL_1,0.624,Internet customer without mobile,2026-06-30
REC000562,ACCT000638,PROD_MOB,PROMO_XSELL_1,0.774,Internet customer without mobile,2026-06-30
REC000563,ACCT000639,PROD_TV,PROMO_XSELL_2,0.699,Eligible for TV + internet bundle,2026-06-30
REC000564,ACCT000640,PROD_MOB,PROMO_XSELL_1,0.596,Internet customer without mobile,2026-06-30
REC000565,ACCT000642,PROD_TV,PROMO_XSELL_2,0.626,Eligible for TV + internet bundle,2026-06-30
REC000566,ACCT000643,PROD_MOB,PROMO_XSELL_1,0.579,Internet customer without mobile,2026-06-30
REC000567,ACCT000644,PROD_TV,PROMO_XSELL_2,0.38,Eligible for TV + internet bundle,2026-06-30
REC000568,ACCT000645,PROD_MOB,PROMO_XSELL_1,0.776,Internet customer without mobile,2026-06-30
REC000569,ACCT000648,PROD_MOB,PROMO_XSELL_1,0.628,Internet customer without mobile,2026-06-30
REC000570,ACCT000649,PROD_MOB,PROMO_XSELL_1,0.412,Internet customer without mobile,2026-06-30
REC000571,ACCT000652,PROD_MOB,PROMO_XSELL_1,0.693,Internet customer without mobile,2026-06-30
REC000572,ACCT000653,PROD_MOB,PROMO_XSELL_1,0.348,Internet customer without mobile,2026-06-30
REC000573,ACCT000654,PROD_TV,PROMO_XSELL_2,0.516,Eligible for TV + internet bundle,2026-06-30
REC000574,ACCT000656,PROD_MOB,PROMO_XSELL_1,0.564,Internet customer without mobile,2026-06-30
REC000575,ACCT000657,PROD_MOB,PROMO_XSELL_1,0.625,Internet customer without mobile,2026-06-30
REC000576,ACCT000658,PROD_MOB,PROMO_XSELL_1,0.654,Internet customer without mobile,2026-06-30
REC000577,ACCT000659,PROD_TV,PROMO_XSELL_2,0.627,Eligible for TV + internet bundle,2026-06-30
REC000578,ACCT000660,PROD_MOB,PROMO_XSELL_1,0.549,Internet customer without mobile,2026-06-30
REC000579,ACCT000661,PROD_TV,PROMO_XSELL_2,0.407,Eligible for TV + internet bundle,2026-06-30
REC000580,ACCT000662,PROD_TV,PROMO_XSELL_2,0.639,Eligible for TV + internet bundle,2026-06-30
REC000581,ACCT000664,PROD_MOB,PROMO_XSELL_1,0.374,Internet customer without mobile,2026-06-30
REC000582,ACCT000665,PROD_MOB,PROMO_XSELL_1,0.771,Internet customer without mobile,2026-06-30
REC000583,ACCT000666,PROD_TV,PROMO_XSELL_2,0.347,Eligible for TV + internet bundle,2026-06-30
REC000584,ACCT000667,PROD_TV,PROMO_XSELL_2,0.595,Eligible for TV + internet bundle,2026-06-30
REC000585,ACCT000668,PROD_TV,PROMO_XSELL_2,0.468,Eligible for TV + internet bundle,2026-06-30
REC000586,ACCT000669,PROD_TV,PROMO_XSELL_2,0.695,Eligible for TV + internet bundle,2026-06-30
REC000587,ACCT000670,PROD_MOB,PROMO_XSELL_1,0.489,Internet customer without mobile,2026-06-30
REC000588,ACCT000671,PROD_MOB,PROMO_XSELL_1,0.44,Internet customer without mobile,2026-06-30
REC000589,ACCT000672,PROD_TV,PROMO_XSELL_2,0.403,Eligible for TV + internet bundle,2026-06-30
REC000590,ACCT000673,PROD_MOB,PROMO_XSELL_1,0.576,Internet customer without mobile,2026-06-30
REC000591,ACCT000675,PROD_MOB,PROMO_XSELL_1,0.64,Internet customer without mobile,2026-06-30
REC000592,ACCT000676,PROD_MOB,PROMO_XSELL_1,0.656,Internet customer without mobile,2026-06-30
REC000593,ACCT000677,PROD_MOB,PROMO_XSELL_1,0.709,Internet customer without mobile,2026-06-30
REC000594,ACCT000678,PROD_MOB,PROMO_XSELL_1,0.54,Internet customer without mobile,2026-06-30
REC000595,ACCT000679,PROD_MOB,PROMO_XSELL_1,0.61,Internet customer without mobile,2026-06-30
REC000596,ACCT000680,PROD_MOB,PROMO_XSELL_1,0.589,Internet customer without mobile,2026-06-30
REC000597,ACCT000681,PROD_MOB,PROMO_XSELL_1,0.477,Internet customer without mobile,2026-06-30
REC000598,ACCT000682,PROD_MOB,PROMO_XSELL_1,0.593,Internet customer without mobile,2026-06-30
REC000599,ACCT000683,PROD_MOB,PROMO_XSELL_1,0.765,Internet customer without mobile,2026-06-30
REC000600,ACCT000684,PROD_TV,PROMO_XSELL_2,0.517,Eligible for TV + internet bundle,2026-06-30
REC000601,ACCT000685,PROD_TV,PROMO_XSELL_2,0.533,Eligible for TV + internet bundle,2026-06-30
REC000602,ACCT000687,PROD_MOB,PROMO_XSELL_1,0.69,Internet customer without mobile,2026-06-30
REC000603,ACCT000688,PROD_MOB,PROMO_XSELL_1,0.417,Internet customer without mobile,2026-06-30
REC000604,ACCT000689,PROD_TV,PROMO_XSELL_2,0.669,Eligible for TV + internet bundle,2026-06-30
REC000605,ACCT000690,PROD_MOB,PROMO_XSELL_1,0.539,Internet customer without mobile,2026-06-30
REC000606,ACCT000691,PROD_MOB,PROMO_XSELL_1,0.339,Internet customer without mobile,2026-06-30
REC000607,ACCT000693,PROD_MOB,PROMO_XSELL_1,0.544,Internet customer without mobile,2026-06-30
REC000608,ACCT000694,PROD_MOB,PROMO_XSELL_1,0.41,Internet customer without mobile,2026-06-30
REC000609,ACCT000695,PROD_MOB,PROMO_XSELL_1,0.656,Internet customer without mobile,2026-06-30
REC000610,ACCT000696,PROD_TV,PROMO_XSELL_2,0.727,Eligible for TV + internet bundle,2026-06-30
REC000611,ACCT000697,PROD_TV,PROMO_XSELL_2,0.633,Eligible for TV + internet bundle,2026-06-30
REC000612,ACCT000698,PROD_MOB,PROMO_XSELL_1,0.717,Internet customer without mobile,2026-06-30
REC000613,ACCT000699,PROD_MOB,PROMO_XSELL_1,0.437,Internet customer without mobile,2026-06-30
REC000614,ACCT000700,PROD_MOB,PROMO_XSELL_1,0.404,Internet customer without mobile,2026-06-30
REC000615,ACCT000701,PROD_MOB,PROMO_XSELL_1,0.749,Internet customer without mobile,2026-06-30
REC000616,ACCT000702,PROD_TV,PROMO_XSELL_2,0.598,Eligible for TV + internet bundle,2026-06-30
REC000617,ACCT000703,PROD_MOB,PROMO_XSELL_1,0.485,Internet customer without mobile,2026-06-30
REC000618,ACCT000704,PROD_MOB,PROMO_XSELL_1,0.743,Internet customer without mobile,2026-06-30
REC000619,ACCT000706,PROD_TV,PROMO_XSELL_2,0.63,Eligible for TV + internet bundle,2026-06-30
REC000620,ACCT000707,PROD_MOB,PROMO_XSELL_1,0.422,Internet customer without mobile,2026-06-30
REC000621,ACCT000709,PROD_MOB,PROMO_XSELL_1,0.689,Internet customer without mobile,2026-06-30
REC000622,ACCT000710,PROD_TV,PROMO_XSELL_2,0.541,Eligible for TV + internet bundle,2026-06-30
REC000623,ACCT000712,PROD_TV,PROMO_XSELL_2,0.506,Eligible for TV + internet bundle,2026-06-30
REC000624,ACCT000713,PROD_MOB,PROMO_XSELL_1,0.593,Internet customer without mobile,2026-06-30
REC000625,ACCT000714,PROD_MOB,PROMO_XSELL_1,0.53,Internet customer without mobile,2026-06-30
REC000626,ACCT000715,PROD_MOB,PROMO_XSELL_1,0.411,Internet customer without mobile,2026-06-30
REC000627,ACCT000717,PROD_MOB,PROMO_XSELL_1,0.588,Internet customer without mobile,2026-06-30
REC000628,ACCT000719,PROD_MOB,PROMO_XSELL_1,0.302,Internet customer without mobile,2026-06-30
REC000629,ACCT000720,PROD_MOB,PROMO_XSELL_1,0.57,Internet customer without mobile,2026-06-30
REC000630,ACCT000721,PROD_MOB,PROMO_XSELL_1,0.527,Internet customer without mobile,2026-06-30
REC000631,ACCT000722,PROD_MOB,PROMO_XSELL_1,0.43,Internet customer without mobile,2026-06-30
REC000632,ACCT000723,PROD_TV,PROMO_XSELL_2,0.546,Eligible for TV + internet bundle,2026-06-30
REC000633,ACCT000724,PROD_MOB,PROMO_XSELL_1,0.616,Internet customer without mobile,2026-06-30
REC000634,ACCT000725,PROD_TV,PROMO_XSELL_2,0.706,Eligible for TV + internet bundle,2026-06-30
REC000635,ACCT000726,PROD_MOB,PROMO_XSELL_1,0.548,Internet customer without mobile,2026-06-30
REC000636,ACCT000727,PROD_MOB,PROMO_XSELL_1,0.319,Internet customer without mobile,2026-06-30
REC000637,ACCT000729,PROD_MOB,PROMO_XSELL_1,0.531,Internet customer without mobile,2026-06-30
REC000638,ACCT000730,PROD_MOB,PROMO_XSELL_1,0.89,Internet customer without mobile,2026-06-30
REC000639,ACCT000731,PROD_MOB,PROMO_XSELL_1,0.595,Internet customer without mobile,2026-06-30
REC000640,ACCT000732,PROD_MOB,PROMO_XSELL_1,0.743,Internet customer without mobile,2026-06-30
REC000641,ACCT000734,PROD_MOB,PROMO_XSELL_1,0.704,Internet customer without mobile,2026-06-30
REC000642,ACCT000735,PROD_MOB,PROMO_XSELL_1,0.317,Internet customer without mobile,2026-06-30
REC000643,ACCT000736,PROD_TV,PROMO_XSELL_2,0.57,Eligible for TV + internet bundle,2026-06-30
REC000644,ACCT000737,PROD_TV,PROMO_XSELL_2,0.473,Eligible for TV + internet bundle,2026-06-30
REC000645,ACCT000739,PROD_MOB,PROMO_XSELL_1,0.518,Internet customer without mobile,2026-06-30
REC000646,ACCT000740,PROD_TV,PROMO_XSELL_2,0.604,Eligible for TV + internet bundle,2026-06-30
REC000647,ACCT000741,PROD_MOB,PROMO_XSELL_1,0.602,Internet customer without mobile,2026-06-30
REC000648,ACCT000744,PROD_MOB,PROMO_XSELL_1,0.651,Internet customer without mobile,2026-06-30
REC000649,ACCT000745,PROD_MOB,PROMO_XSELL_1,0.533,Internet customer without mobile,2026-06-30
REC000650,ACCT000746,PROD_TV,PROMO_XSELL_2,0.613,Eligible for TV + internet bundle,2026-06-30
REC000651,ACCT000747,PROD_TV,PROMO_XSELL_2,0.609,Eligible for TV + internet bundle,2026-06-30
REC000652,ACCT000749,PROD_TV,PROMO_XSELL_2,0.583,Eligible for TV + internet bundle,2026-06-30
REC000653,ACCT000751,PROD_VOICE,,0.523,Add home phone to bundle,2026-06-30
REC000654,ACCT000752,PROD_MOB,PROMO_XSELL_1,0.393,Internet customer without mobile,2026-06-30
REC000655,ACCT000753,PROD_MOB,PROMO_XSELL_1,0.446,Internet customer without mobile,2026-06-30
REC000656,ACCT000754,PROD_MOB,PROMO_XSELL_1,0.465,Internet customer without mobile,2026-06-30
REC000657,ACCT000755,PROD_TV,PROMO_XSELL_2,0.494,Eligible for TV + internet bundle,2026-06-30
REC000658,ACCT000756,PROD_MOB,PROMO_XSELL_1,0.649,Internet customer without mobile,2026-06-30
REC000659,ACCT000758,PROD_MOB,PROMO_XSELL_1,0.567,Internet customer without mobile,2026-06-30
REC000660,ACCT000759,PROD_MOB,PROMO_XSELL_1,0.761,Internet customer without mobile,2026-06-30
REC000661,ACCT000760,PROD_TV,PROMO_XSELL_2,0.637,Eligible for TV + internet bundle,2026-06-30
REC000662,ACCT000761,PROD_TV,PROMO_XSELL_2,0.564,Eligible for TV + internet bundle,2026-06-30
REC000663,ACCT000762,PROD_TV,PROMO_XSELL_2,0.55,Eligible for TV + internet bundle,2026-06-30
REC000664,ACCT000764,PROD_MOB,PROMO_XSELL_1,0.664,Internet customer without mobile,2026-06-30
REC000665,ACCT000765,PROD_TV,PROMO_XSELL_2,0.553,Eligible for TV + internet bundle,2026-06-30
REC000666,ACCT000766,PROD_MOB,PROMO_XSELL_1,0.692,Internet customer without mobile,2026-06-30
REC000667,ACCT000767,PROD_TV,PROMO_XSELL_2,0.547,Eligible for TV + internet bundle,2026-06-30
REC000668,ACCT000768,PROD_MOB,PROMO_XSELL_1,0.455,Internet customer without mobile,2026-06-30
REC000669,ACCT000769,PROD_MOB,PROMO_XSELL_1,0.796,Internet customer without mobile,2026-06-30
REC000670,ACCT000770,PROD_TV,PROMO_XSELL_2,0.539,Eligible for TV + internet bundle,2026-06-30
REC000671,ACCT000771,PROD_MOB,PROMO_XSELL_1,0.621,Internet customer without mobile,2026-06-30
REC000672,ACCT000772,PROD_MOB,PROMO_XSELL_1,0.706,Internet customer without mobile,2026-06-30
REC000673,ACCT000773,PROD_MOB,PROMO_XSELL_1,0.654,Internet customer without mobile,2026-06-30
REC000674,ACCT000774,PROD_MOB,PROMO_XSELL_1,0.445,Internet customer without mobile,2026-06-30
REC000675,ACCT000775,PROD_TV,PROMO_XSELL_2,0.521,Eligible for TV + internet bundle,2026-06-30
REC000676,ACCT000777,PROD_TV,PROMO_XSELL_2,0.707,Eligible for TV + internet bundle,2026-06-30
REC000677,ACCT000778,PROD_MOB,PROMO_XSELL_1,0.624,Internet customer without mobile,2026-06-30
REC000678,ACCT000780,PROD_TV,PROMO_XSELL_2,0.53,Eligible for TV + internet bundle,2026-06-30
REC000679,ACCT000781,PROD_TV,PROMO_XSELL_2,0.752,Eligible for TV + internet bundle,2026-06-30
REC000680,ACCT000782,PROD_MOB,PROMO_XSELL_1,0.482,Internet customer without mobile,2026-06-30
REC000681,ACCT000783,PROD_MOB,PROMO_XSELL_1,0.626,Internet customer without mobile,2026-06-30
REC000682,ACCT000784,PROD_TV,PROMO_XSELL_2,0.556,Eligible for TV + internet bundle,2026-06-30
REC000683,ACCT000785,PROD_TV,PROMO_XSELL_2,0.71,Eligible for TV + internet bundle,2026-06-30
REC000684,ACCT000786,PROD_TV,PROMO_XSELL_2,0.518,Eligible for TV + internet bundle,2026-06-30
REC000685,ACCT000789,PROD_MOB,PROMO_XSELL_1,0.665,Internet customer without mobile,2026-06-30
REC000686,ACCT000790,PROD_TV,PROMO_XSELL_2,0.723,Eligible for TV + internet bundle,2026-06-30
REC000687,ACCT000791,PROD_TV,PROMO_XSELL_2,0.623,Eligible for TV + internet bundle,2026-06-30
REC000688,ACCT000792,PROD_MOB,PROMO_XSELL_1,0.336,Internet customer without mobile,2026-06-30
REC000689,ACCT000793,PROD_TV,PROMO_XSELL_2,0.591,Eligible for TV + internet bundle,2026-06-30
REC000690,ACCT000794,PROD_TV,PROMO_XSELL_2,0.616,Eligible for TV + internet bundle,2026-06-30
REC000691,ACCT000795,PROD_TV,PROMO_XSELL_2,0.785,Eligible for TV + internet bundle,2026-06-30
REC000692,ACCT000796,PROD_MOB,PROMO_XSELL_1,0.339,Internet customer without mobile,2026-06-30
REC000693,ACCT000797,PROD_MOB,PROMO_XSELL_1,0.576,Internet customer without mobile,2026-06-30
REC000694,ACCT000798,PROD_MOB,PROMO_XSELL_1,0.524,Internet customer without mobile,2026-06-30
REC000695,ACCT000799,PROD_MOB,PROMO_XSELL_1,0.693,Internet customer without mobile,2026-06-30
REC000696,ACCT000800,PROD_MOB,PROMO_XSELL_1,0.581,Internet customer without mobile,2026-06-30
REC000697,ACCT000801,PROD_VOICE,,0.544,Add home phone to bundle,2026-06-30
REC000698,ACCT000802,PROD_MOB,PROMO_XSELL_1,0.739,Internet customer without mobile,2026-06-30
REC000699,ACCT000803,PROD_TV,PROMO_XSELL_2,0.523,Eligible for TV + internet bundle,2026-06-30
REC000700,ACCT000804,PROD_MOB,PROMO_XSELL_1,0.743,Internet customer without mobile,2026-06-30
REC000701,ACCT000805,PROD_MOB,PROMO_XSELL_1,0.517,Internet customer without mobile,2026-06-30
REC000702,ACCT000806,PROD_TV,PROMO_XSELL_2,0.615,Eligible for TV + internet bundle,2026-06-30
REC000703,ACCT000807,PROD_MOB,PROMO_XSELL_1,0.583,Internet customer without mobile,2026-06-30
REC000704,ACCT000808,PROD_TV,PROMO_XSELL_2,0.682,Eligible for TV + internet bundle,2026-06-30
REC000705,ACCT000809,PROD_MOB,PROMO_XSELL_1,0.308,Internet customer without mobile,2026-06-30
REC000706,ACCT000810,PROD_MOB,PROMO_XSELL_1,0.615,Internet customer without mobile,2026-06-30
REC000707,ACCT000811,PROD_MOB,PROMO_XSELL_1,0.434,Internet customer without mobile,2026-06-30
REC000708,ACCT000812,PROD_MOB,PROMO_XSELL_1,0.548,Internet customer without mobile,2026-06-30
REC000709,ACCT000813,PROD_MOB,PROMO_XSELL_1,0.561,Internet customer without mobile,2026-06-30
REC000710,ACCT000814,PROD_MOB,PROMO_XSELL_1,0.739,Internet customer without mobile,2026-06-30
REC000711,ACCT000815,PROD_TV,PROMO_XSELL_2,0.741,Eligible for TV + internet bundle,2026-06-30
REC000712,ACCT000816,PROD_MOB,PROMO_XSELL_1,0.37,Internet customer without mobile,2026-06-30
REC000713,ACCT000817,PROD_MOB,PROMO_XSELL_1,0.694,Internet customer without mobile,2026-06-30
REC000714,ACCT000818,PROD_MOB,PROMO_XSELL_1,0.744,Internet customer without mobile,2026-06-30
REC000715,ACCT000820,PROD_VOICE,,0.788,Add home phone to bundle,2026-06-30
REC000716,ACCT000821,PROD_TV,PROMO_XSELL_2,0.533,Eligible for TV + internet bundle,2026-06-30
REC000717,ACCT000822,PROD_TV,PROMO_XSELL_2,0.708,Eligible for TV + internet bundle,2026-06-30
REC000718,ACCT000823,PROD_TV,PROMO_XSELL_2,0.561,Eligible for TV + internet bundle,2026-06-30
REC000719,ACCT000824,PROD_MOB,PROMO_XSELL_1,0.482,Internet customer without mobile,2026-06-30
REC000720,ACCT000825,PROD_TV,PROMO_XSELL_2,0.546,Eligible for TV + internet bundle,2026-06-30
REC000721,ACCT000826,PROD_MOB,PROMO_XSELL_1,0.802,Internet customer without mobile,2026-06-30
REC000722,ACCT000827,PROD_MOB,PROMO_XSELL_1,0.784,Internet customer without mobile,2026-06-30
REC000723,ACCT000828,PROD_TV,PROMO_XSELL_2,0.597,Eligible for TV + internet bundle,2026-06-30
REC000724,ACCT000829,PROD_MOB,PROMO_XSELL_1,0.685,Internet customer without mobile,2026-06-30
REC000725,ACCT000830,PROD_MOB,PROMO_XSELL_1,0.666,Internet customer without mobile,2026-06-30
REC000726,ACCT000832,PROD_MOB,PROMO_XSELL_1,0.769,Internet customer without mobile,2026-06-30
REC000727,ACCT000833,PROD_MOB,PROMO_XSELL_1,0.602,Internet customer without mobile,2026-06-30
REC000728,ACCT000835,PROD_MOB,PROMO_XSELL_1,0.579,Internet customer without mobile,2026-06-30
REC000729,ACCT000836,PROD_MOB,PROMO_XSELL_1,0.312,Internet customer without mobile,2026-06-30
REC000730,ACCT000837,PROD_MOB,PROMO_XSELL_1,0.677,Internet customer without mobile,2026-06-30
REC000731,ACCT000838,PROD_TV,PROMO_XSELL_2,0.425,Eligible for TV + internet bundle,2026-06-30
REC000732,ACCT000839,PROD_VOICE,,0.585,Add home phone to bundle,2026-06-30
REC000733,ACCT000840,PROD_MOB,PROMO_XSELL_1,0.539,Internet customer without mobile,2026-06-30
REC000734,ACCT000841,PROD_TV,PROMO_XSELL_2,0.822,Eligible for TV + internet bundle,2026-06-30
REC000735,ACCT000842,PROD_MOB,PROMO_XSELL_1,0.549,Internet customer without mobile,2026-06-30
REC000736,ACCT000843,PROD_MOB,PROMO_XSELL_1,0.814,Internet customer without mobile,2026-06-30
REC000737,ACCT000844,PROD_MOB,PROMO_XSELL_1,0.549,Internet customer without mobile,2026-06-30
REC000738,ACCT000845,PROD_TV,PROMO_XSELL_2,0.769,Eligible for TV + internet bundle,2026-06-30
REC000739,ACCT000846,PROD_MOB,PROMO_XSELL_1,0.606,Internet customer without mobile,2026-06-30
REC000740,ACCT000847,PROD_MOB,PROMO_XSELL_1,0.825,Internet customer without mobile,2026-06-30
REC000741,ACCT000848,PROD_MOB,PROMO_XSELL_1,0.666,Internet customer without mobile,2026-06-30
REC000742,ACCT000850,PROD_MOB,PROMO_XSELL_1,0.541,Internet customer without mobile,2026-06-30
REC000743,ACCT000851,PROD_TV,PROMO_XSELL_2,0.57,Eligible for TV + internet bundle,2026-06-30
REC000744,ACCT000852,PROD_MOB,PROMO_XSELL_1,0.779,Internet customer without mobile,2026-06-30
REC000745,ACCT000853,PROD_TV,PROMO_XSELL_2,0.828,Eligible for TV + internet bundle,2026-06-30
REC000746,ACCT000854,PROD_MOB,PROMO_XSELL_1,0.492,Internet customer without mobile,2026-06-30
REC000747,ACCT000855,PROD_MOB,PROMO_XSELL_1,0.868,Internet customer without mobile,2026-06-30
REC000748,ACCT000856,PROD_MOB,PROMO_XSELL_1,0.638,Internet customer without mobile,2026-06-30
REC000749,ACCT000858,PROD_MOB,PROMO_XSELL_1,0.532,Internet customer without mobile,2026-06-30
REC000750,ACCT000859,PROD_TV,PROMO_XSELL_2,0.484,Eligible for TV + internet bundle,2026-06-30
REC000751,ACCT000860,PROD_MOB,PROMO_XSELL_1,0.591,Internet customer without mobile,2026-06-30
REC000752,ACCT000861,PROD_TV,PROMO_XSELL_2,0.566,Eligible for TV + internet bundle,2026-06-30
REC000753,ACCT000862,PROD_MOB,PROMO_XSELL_1,0.609,Internet customer without mobile,2026-06-30
REC000754,ACCT000863,PROD_MOB,PROMO_XSELL_1,0.414,Internet customer without mobile,2026-06-30
REC000755,ACCT000864,PROD_MOB,PROMO_XSELL_1,0.507,Internet customer without mobile,2026-06-30
REC000756,ACCT000866,PROD_MOB,PROMO_XSELL_1,0.536,Internet customer without mobile,2026-06-30
REC000757,ACCT000867,PROD_MOB,PROMO_XSELL_1,0.685,Internet customer without mobile,2026-06-30
REC000758,ACCT000868,PROD_TV,PROMO_XSELL_2,0.392,Eligible for TV + internet bundle,2026-06-30
REC000759,ACCT000869,PROD_TV,PROMO_XSELL_2,0.36,Eligible for TV + internet bundle,2026-06-30
REC000760,ACCT000870,PROD_MOB,PROMO_XSELL_1,0.586,Internet customer without mobile,2026-06-30
REC000761,ACCT000871,PROD_VOICE,,0.512,Add home phone to bundle,2026-06-30
REC000762,ACCT000872,PROD_MOB,PROMO_XSELL_1,0.484,Internet customer without mobile,2026-06-30
REC000763,ACCT000874,PROD_MOB,PROMO_XSELL_1,0.522,Internet customer without mobile,2026-06-30
REC000764,ACCT000876,PROD_TV,PROMO_XSELL_2,0.64,Eligible for TV + internet bundle,2026-06-30
REC000765,ACCT000877,PROD_TV,PROMO_XSELL_2,0.477,Eligible for TV + internet bundle,2026-06-30
REC000766,ACCT000878,PROD_MOB,PROMO_XSELL_1,0.481,Internet customer without mobile,2026-06-30
REC000767,ACCT000879,PROD_MOB,PROMO_XSELL_1,0.387,Internet customer without mobile,2026-06-30
REC000768,ACCT000880,PROD_MOB,PROMO_XSELL_1,0.672,Internet customer without mobile,2026-06-30
REC000769,ACCT000881,PROD_VOICE,,0.313,Add home phone to bundle,2026-06-30
REC000770,ACCT000882,PROD_MOB,PROMO_XSELL_1,0.518,Internet customer without mobile,2026-06-30
REC000771,ACCT000883,PROD_TV,PROMO_XSELL_2,0.367,Eligible for TV + internet bundle,2026-06-30
REC000772,ACCT000884,PROD_MOB,PROMO_XSELL_1,0.748,Internet customer without mobile,2026-06-30
REC000773,ACCT000885,PROD_MOB,PROMO_XSELL_1,0.653,Internet customer without mobile,2026-06-30
REC000774,ACCT000886,PROD_MOB,PROMO_XSELL_1,0.668,Internet customer without mobile,2026-06-30
REC000775,ACCT000888,PROD_MOB,PROMO_XSELL_1,0.592,Internet customer without mobile,2026-06-30
REC000776,ACCT000889,PROD_MOB,PROMO_XSELL_1,0.462,Internet customer without mobile,2026-06-30
REC000777,ACCT000890,PROD_MOB,PROMO_XSELL_1,0.447,Internet customer without mobile,2026-06-30
REC000778,ACCT000891,PROD_TV,PROMO_XSELL_2,0.742,Eligible for TV + internet bundle,2026-06-30
REC000779,ACCT000893,PROD_TV,PROMO_XSELL_2,0.623,Eligible for TV + internet bundle,2026-06-30
REC000780,ACCT000894,PROD_MOB,PROMO_XSELL_1,0.517,Internet customer without mobile,2026-06-30
REC000781,ACCT000895,PROD_MOB,PROMO_XSELL_1,0.635,Internet customer without mobile,2026-06-30
REC000782,ACCT000897,PROD_MOB,PROMO_XSELL_1,0.578,Internet customer without mobile,2026-06-30
REC000783,ACCT000898,PROD_MOB,PROMO_XSELL_1,0.642,Internet customer without mobile,2026-06-30
REC000784,ACCT000899,PROD_MOB,PROMO_XSELL_1,0.656,Internet customer without mobile,2026-06-30
REC000785,ACCT000901,PROD_TV,PROMO_XSELL_2,0.432,Eligible for TV + internet bundle,2026-06-30
REC000786,ACCT000902,PROD_MOB,PROMO_XSELL_1,0.441,Internet customer without mobile,2026-06-30
REC000787,ACCT000903,PROD_TV,PROMO_XSELL_2,0.449,Eligible for TV + internet bundle,2026-06-30
REC000788,ACCT000904,PROD_TV,PROMO_XSELL_2,0.412,Eligible for TV + internet bundle,2026-06-30
REC000789,ACCT000907,PROD_MOB,PROMO_XSELL_1,0.522,Internet customer without mobile,2026-06-30
REC000790,ACCT000909,PROD_TV,PROMO_XSELL_2,0.466,Eligible for TV + internet bundle,2026-06-30
REC000791,ACCT000910,PROD_TV,PROMO_XSELL_2,0.318,Eligible for TV + internet bundle,2026-06-30
REC000792,ACCT000911,PROD_MOB,PROMO_XSELL_1,0.569,Internet customer without mobile,2026-06-30
REC000793,ACCT000912,PROD_TV,PROMO_XSELL_2,0.674,Eligible for TV + internet bundle,2026-06-30
REC000794,ACCT000913,PROD_MOB,PROMO_XSELL_1,0.456,Internet customer without mobile,2026-06-30
REC000795,ACCT000914,PROD_MOB,PROMO_XSELL_1,0.511,Internet customer without mobile,2026-06-30
REC000796,ACCT000915,PROD_TV,PROMO_XSELL_2,0.477,Eligible for TV + internet bundle,2026-06-30
REC000797,ACCT000916,PROD_MOB,PROMO_XSELL_1,0.737,Internet customer without mobile,2026-06-30
REC000798,ACCT000917,PROD_MOB,PROMO_XSELL_1,0.536,Internet customer without mobile,2026-06-30
REC000799,ACCT000918,PROD_MOB,PROMO_XSELL_1,0.525,Internet customer without mobile,2026-06-30
REC000800,ACCT000919,PROD_MOB,PROMO_XSELL_1,0.622,Internet customer without mobile,2026-06-30
REC000801,ACCT000920,PROD_MOB,PROMO_XSELL_1,0.561,Internet customer without mobile,2026-06-30
REC000802,ACCT000921,PROD_MOB,PROMO_XSELL_1,0.423,Internet customer without mobile,2026-06-30
REC000803,ACCT000922,PROD_TV,PROMO_XSELL_2,0.408,Eligible for TV + internet bundle,2026-06-30
REC000804,ACCT000923,PROD_MOB,PROMO_XSELL_1,0.644,Internet customer without mobile,2026-06-30
REC000805,ACCT000924,PROD_TV,PROMO_XSELL_2,0.652,Eligible for TV + internet bundle,2026-06-30
REC000806,ACCT000925,PROD_TV,PROMO_XSELL_2,0.518,Eligible for TV + internet bundle,2026-06-30
REC000807,ACCT000926,PROD_MOB,PROMO_XSELL_1,0.809,Internet customer without mobile,2026-06-30
REC000808,ACCT000928,PROD_TV,PROMO_XSELL_2,0.47,Eligible for TV + internet bundle,2026-06-30
REC000809,ACCT000931,PROD_MOB,PROMO_XSELL_1,0.695,Internet customer without mobile,2026-06-30
REC000810,ACCT000932,PROD_MOB,PROMO_XSELL_1,0.73,Internet customer without mobile,2026-06-30
REC000811,ACCT000933,PROD_MOB,PROMO_XSELL_1,0.532,Internet customer without mobile,2026-06-30
REC000812,ACCT000934,PROD_MOB,PROMO_XSELL_1,0.581,Internet customer without mobile,2026-06-30
REC000813,ACCT000935,PROD_MOB,PROMO_XSELL_1,0.85,Internet customer without mobile,2026-06-30
REC000814,ACCT000937,PROD_MOB,PROMO_XSELL_1,0.822,Internet customer without mobile,2026-06-30
REC000815,ACCT000938,PROD_TV,PROMO_XSELL_2,0.544,Eligible for TV + internet bundle,2026-06-30
REC000816,ACCT000939,PROD_MOB,PROMO_XSELL_1,0.588,Internet customer without mobile,2026-06-30
REC000817,ACCT000940,PROD_TV,PROMO_XSELL_2,0.434,Eligible for TV + internet bundle,2026-06-30
REC000818,ACCT000941,PROD_TV,PROMO_XSELL_2,0.457,Eligible for TV + internet bundle,2026-06-30
REC000819,ACCT000943,PROD_MOB,PROMO_XSELL_1,0.69,Internet customer without mobile,2026-06-30
REC000820,ACCT000944,PROD_MOB,PROMO_XSELL_1,0.472,Internet customer without mobile,2026-06-30
REC000821,ACCT000945,PROD_MOB,PROMO_XSELL_1,0.618,Internet customer without mobile,2026-06-30
REC000822,ACCT000946,PROD_TV,PROMO_XSELL_2,0.413,Eligible for TV + internet bundle,2026-06-30
REC000823,ACCT000947,PROD_TV,PROMO_XSELL_2,0.707,Eligible for TV + internet bundle,2026-06-30
REC000824,ACCT000948,PROD_MOB,PROMO_XSELL_1,0.624,Internet customer without mobile,2026-06-30
REC000825,ACCT000949,PROD_TV,PROMO_XSELL_2,0.627,Eligible for TV + internet bundle,2026-06-30
REC000826,ACCT000950,PROD_MOB,PROMO_XSELL_1,0.588,Internet customer without mobile,2026-06-30
REC000827,ACCT000951,PROD_MOB,PROMO_XSELL_1,0.401,Internet customer without mobile,2026-06-30
REC000828,ACCT000952,PROD_TV,PROMO_XSELL_2,0.802,Eligible for TV + internet bundle,2026-06-30
REC000829,ACCT000953,PROD_MOB,PROMO_XSELL_1,0.641,Internet customer without mobile,2026-06-30
REC000830,ACCT000954,PROD_MOB,PROMO_XSELL_1,0.515,Internet customer without mobile,2026-06-30
REC000831,ACCT000956,PROD_TV,PROMO_XSELL_2,0.357,Eligible for TV + internet bundle,2026-06-30
REC000832,ACCT000957,PROD_MOB,PROMO_XSELL_1,0.689,Internet customer without mobile,2026-06-30
REC000833,ACCT000958,PROD_VOICE,,0.574,Add home phone to bundle,2026-06-30
REC000834,ACCT000959,PROD_MOB,PROMO_XSELL_1,0.739,Internet customer without mobile,2026-06-30
REC000835,ACCT000960,PROD_TV,PROMO_XSELL_2,0.571,Eligible for TV + internet bundle,2026-06-30
REC000836,ACCT000961,PROD_MOB,PROMO_XSELL_1,0.547,Internet customer without mobile,2026-06-30
REC000837,ACCT000962,PROD_MOB,PROMO_XSELL_1,0.499,Internet customer without mobile,2026-06-30
REC000838,ACCT000963,PROD_MOB,PROMO_XSELL_1,0.433,Internet customer without mobile,2026-06-30
REC000839,ACCT000964,PROD_TV,PROMO_XSELL_2,0.67,Eligible for TV + internet bundle,2026-06-30
REC000840,ACCT000965,PROD_MOB,PROMO_XSELL_1,0.572,Internet customer without mobile,2026-06-30
REC000841,ACCT000966,PROD_MOB,PROMO_XSELL_1,0.705,Internet customer without mobile,2026-06-30
REC000842,ACCT000967,PROD_MOB,PROMO_XSELL_1,0.483,Internet customer without mobile,2026-06-30
REC000843,ACCT000968,PROD_TV,PROMO_XSELL_2,0.495,Eligible for TV + internet bundle,2026-06-30
REC000844,ACCT000969,PROD_TV,PROMO_XSELL_2,0.723,Eligible for TV + internet bundle,2026-06-30
REC000845,ACCT000970,PROD_MOB,PROMO_XSELL_1,0.602,Internet customer without mobile,2026-06-30
REC000846,ACCT000971,PROD_MOB,PROMO_XSELL_1,0.409,Internet customer without mobile,2026-06-30
REC000847,ACCT000972,PROD_MOB,PROMO_XSELL_1,0.666,Internet customer without mobile,2026-06-30
REC000848,ACCT000974,PROD_TV,PROMO_XSELL_2,0.85,Eligible for TV + internet bundle,2026-06-30
REC000849,ACCT000975,PROD_MOB,PROMO_XSELL_1,0.641,Internet customer without mobile,2026-06-30
REC000850,ACCT000976,PROD_TV,PROMO_XSELL_2,0.425,Eligible for TV + internet bundle,2026-06-30
REC000851,ACCT000977,PROD_TV,PROMO_XSELL_2,0.648,Eligible for TV + internet bundle,2026-06-30
REC000852,ACCT000978,PROD_TV,PROMO_XSELL_2,0.468,Eligible for TV + internet bundle,2026-06-30
REC000853,ACCT000979,PROD_MOB,PROMO_XSELL_1,0.59,Internet customer without mobile,2026-06-30
REC000854,ACCT000980,PROD_MOB,PROMO_XSELL_1,0.533,Internet customer without mobile,2026-06-30
REC000855,ACCT000981,PROD_VOICE,,0.583,Add home phone to bundle,2026-06-30
REC000856,ACCT000982,PROD_TV,PROMO_XSELL_2,0.777,Eligible for TV + internet bundle,2026-06-30
REC000857,ACCT000983,PROD_MOB,PROMO_XSELL_1,0.747,Internet customer without mobile,2026-06-30
REC000858,ACCT000984,PROD_TV,PROMO_XSELL_2,0.379,Eligible for TV + internet bundle,2026-06-30
REC000859,ACCT000985,PROD_TV,PROMO_XSELL_2,0.437,Eligible for TV + internet bundle,2026-06-30
REC000860,ACCT000986,PROD_MOB,PROMO_XSELL_1,0.457,Internet customer without mobile,2026-06-30
REC000861,ACCT000988,PROD_MOB,PROMO_XSELL_1,0.477,Internet customer without mobile,2026-06-30
REC000862,ACCT000989,PROD_MOB,PROMO_XSELL_1,0.521,Internet customer without mobile,2026-06-30
REC000863,ACCT000990,PROD_MOB,PROMO_XSELL_1,0.48,Internet customer without mobile,2026-06-30
REC000864,ACCT000991,PROD_MOB,PROMO_XSELL_1,0.799,Internet customer without mobile,2026-06-30
REC000865,ACCT000992,PROD_MOB,PROMO_XSELL_1,0.538,Internet customer without mobile,2026-06-30
REC000866,ACCT000993,PROD_MOB,PROMO_XSELL_1,0.551,Internet customer without mobile,2026-06-30
REC000867,ACCT000994,PROD_MOB,PROMO_XSELL_1,0.449,Internet customer without mobile,2026-06-30
REC000868,ACCT000995,PROD_TV,PROMO_XSELL_2,0.376,Eligible for TV + internet bundle,2026-06-30
REC000869,ACCT000996,PROD_MOB,PROMO_XSELL_1,0.448,Internet customer without mobile,2026-06-30
REC000870,ACCT000997,PROD_MOB,PROMO_XSELL_1,0.653,Internet customer without mobile,2026-06-30
REC000871,ACCT000998,PROD_TV,PROMO_XSELL_2,0.863,Eligible for TV + internet bundle,2026-06-30
REC000872,ACCT000999,PROD_TV,PROMO_XSELL_2,0.32,Eligible for TV + internet bundle,2026-06-30
REC000873,ACCT001000,PROD_MOB,PROMO_XSELL_1,0.613,Internet customer without mobile,2026-06-30
