customer_id,account_id,churn_probability,risk_band,top_reason,scored_date
CUST000001,ACCT000001,0.187,Low,unpaid invoices,2026-06-30
CUST000002,ACCT000002,0.126,Low,stable account,2026-06-30
CUST000003,ACCT000003,0.98,High,account suspended,2026-06-30
CUST000004,ACCT000004,0.285,Low,cancellation intent,2026-06-30
CUST000005,ACCT000005,0.533,Medium,unpaid invoices,2026-06-30
CUST000006,ACCT000006,0.648,High,account suspended,2026-06-30
CUST000007,ACCT000007,0.2,Low,new/short tenure,2026-06-30
CUST000008,ACCT000008,0.37,Medium,degraded service,2026-06-30
CUST000009,ACCT000009,0.109,Low,stable account,2026-06-30
CUST000010,ACCT000010,0.121,Low,stable account,2026-06-30
CUST000011,ACCT000011,0.272,Low,unpaid invoices,2026-06-30
CUST000012,ACCT000012,0.105,Low,stable account,2026-06-30
CUST000013,ACCT000013,0.072,Low,stable account,2026-06-30
CUST000014,ACCT000014,0.522,Medium,cancellation intent,2026-06-30
CUST000015,ACCT000015,0.223,Low,unpaid invoices,2026-06-30
CUST000016,ACCT000016,0.159,Low,stable account,2026-06-30
CUST000017,ACCT000017,0.072,Low,stable account,2026-06-30
CUST000018,ACCT000018,0.295,Low,degraded service,2026-06-30
CUST000019,ACCT000019,0.254,Low,unpaid invoices,2026-06-30
CUST000020,ACCT000020,0.27,Low,unpaid invoices,2026-06-30
CUST000021,ACCT000021,0.297,Low,degraded service,2026-06-30
CUST000022,ACCT000022,0.336,Medium,degraded service,2026-06-30
CUST000023,ACCT000023,0.297,Low,unpaid invoices,2026-06-30
CUST000024,ACCT000024,0.102,Low,stable account,2026-06-30
CUST000025,ACCT000025,0.348,Medium,degraded service,2026-06-30
CUST000026,ACCT000026,0.654,High,account suspended,2026-06-30
CUST000027,ACCT000027,0.321,Medium,unpaid invoices,2026-06-30
CUST000028,ACCT000028,0.245,Low,unpaid invoices,2026-06-30
CUST000029,ACCT000029,0.175,Low,stable account,2026-06-30
CUST000030,ACCT000030,0.089,Low,stable account,2026-06-30
CUST000031,ACCT000031,0.325,Medium,unpaid invoices,2026-06-30
CUST000032,ACCT000032,0.765,High,account suspended,2026-06-30
CUST000033,ACCT000033,0.428,Medium,unpaid invoices,2026-06-30
CUST000034,ACCT000034,0.323,Medium,unpaid invoices,2026-06-30
CUST000035,ACCT000035,0.326,Medium,degraded service,2026-06-30
CUST000036,ACCT000036,0.118,Low,stable account,2026-06-30
CUST000037,ACCT000037,0.444,Medium,unpaid invoices,2026-06-30
CUST000038,ACCT000038,0.551,High,unpaid invoices,2026-06-30
CUST000039,ACCT000039,0.179,Low,stable account,2026-06-30
CUST000040,ACCT000040,0.177,Low,unpaid invoices,2026-06-30
CUST000041,ACCT000041,0.333,Medium,unpaid invoices,2026-06-30
CUST000042,ACCT000042,0.119,Low,stable account,2026-06-30
CUST000043,ACCT000043,0.224,Low,unpaid invoices,2026-06-30
CUST000044,ACCT000044,0.098,Low,stable account,2026-06-30
CUST000045,ACCT000045,0.167,Low,stable account,2026-06-30
CUST000046,ACCT000046,0.371,Medium,unpaid invoices,2026-06-30
CUST000047,ACCT000047,0.07,Low,stable account,2026-06-30
CUST000048,ACCT000048,0.223,Low,new/short tenure,2026-06-30
CUST000049,ACCT000049,0.29,Low,unpaid invoices,2026-06-30
CUST000050,ACCT000050,0.345,Medium,degraded service,2026-06-30
CUST000051,ACCT000051,0.364,Medium,unpaid invoices,2026-06-30
CUST000052,ACCT000052,0.198,Low,unpaid invoices,2026-06-30
CUST000053,ACCT000053,0.57,High,unpaid invoices,2026-06-30
CUST000054,ACCT000054,0.139,Low,stable account,2026-06-30
CUST000055,ACCT000055,0.272,Low,unpaid invoices,2026-06-30
CUST000056,ACCT000056,0.215,Low,unpaid invoices,2026-06-30
CUST000057,ACCT000057,0.129,Low,stable account,2026-06-30
CUST000058,ACCT000058,0.209,Low,unpaid invoices,2026-06-30
CUST000059,ACCT000059,0.769,High,account suspended,2026-06-30
CUST000060,ACCT000060,0.113,Low,stable account,2026-06-30
CUST000061,ACCT000061,0.265,Low,unpaid invoices,2026-06-30
CUST000062,ACCT000062,0.447,Medium,unpaid invoices,2026-06-30
CUST000063,ACCT000063,0.419,Medium,unpaid invoices,2026-06-30
CUST000064,ACCT000064,0.075,Low,stable account,2026-06-30
CUST000065,ACCT000065,0.192,Low,unpaid invoices,2026-06-30
CUST000066,ACCT000066,0.138,Low,stable account,2026-06-30
CUST000067,ACCT000067,0.093,Low,stable account,2026-06-30
CUST000068,ACCT000068,0.399,Medium,cancellation intent,2026-06-30
CUST000069,ACCT000069,0.171,Low,stable account,2026-06-30
CUST000070,ACCT000070,0.233,Low,unpaid invoices,2026-06-30
CUST000071,ACCT000071,0.37,Medium,unpaid invoices,2026-06-30
CUST000072,ACCT000072,0.15,Low,stable account,2026-06-30
CUST000073,ACCT000073,0.144,Low,stable account,2026-06-30
CUST000074,ACCT000074,0.252,Low,unpaid invoices,2026-06-30
CUST000075,ACCT000075,0.063,Low,stable account,2026-06-30
CUST000076,ACCT000076,0.132,Low,stable account,2026-06-30
CUST000077,ACCT000077,0.194,Low,unpaid invoices,2026-06-30
CUST000078,ACCT000078,0.305,Medium,unpaid invoices,2026-06-30
CUST000079,ACCT000079,0.423,Medium,cancellation intent,2026-06-30
CUST000080,ACCT000080,0.125,Low,stable account,2026-06-30
CUST000081,ACCT000081,0.575,High,account suspended,2026-06-30
CUST000082,ACCT000082,0.094,Low,stable account,2026-06-30
CUST000083,ACCT000083,0.11,Low,stable account,2026-06-30
CUST000084,ACCT000084,0.097,Low,stable account,2026-06-30
CUST000085,ACCT000085,0.164,Low,stable account,2026-06-30
CUST000086,ACCT000086,0.147,Low,stable account,2026-06-30
CUST000087,ACCT000087,0.563,High,unpaid invoices,2026-06-30
CUST000088,ACCT000088,0.088,Low,stable account,2026-06-30
CUST000089,ACCT000089,0.463,Medium,unpaid invoices,2026-06-30
CUST000090,ACCT000090,0.435,Medium,unpaid invoices,2026-06-30
CUST000091,ACCT000091,0.209,Low,unpaid invoices,2026-06-30
CUST000092,ACCT000092,0.204,Low,unpaid invoices,2026-06-30
CUST000093,ACCT000093,0.43,Medium,unpaid invoices,2026-06-30
CUST000094,ACCT000094,0.41,Medium,unpaid invoices,2026-06-30
CUST000095,ACCT000095,0.098,Low,stable account,2026-06-30
CUST000096,ACCT000096,0.121,Low,stable account,2026-06-30
CUST000097,ACCT000097,0.125,Low,stable account,2026-06-30
CUST000098,ACCT000098,0.55,Medium,unpaid invoices,2026-06-30
CUST000099,ACCT000099,0.378,Medium,cancellation intent,2026-06-30
CUST000100,ACCT000100,0.214,Low,unpaid invoices,2026-06-30
CUST000101,ACCT000101,0.221,Low,unpaid invoices,2026-06-30
CUST000102,ACCT000102,0.266,Low,new/short tenure,2026-06-30
CUST000103,ACCT000103,0.629,High,account suspended,2026-06-30
CUST000104,ACCT000104,0.618,High,account suspended,2026-06-30
CUST000105,ACCT000105,0.21,Low,unpaid invoices,2026-06-30
CUST000106,ACCT000106,0.11,Low,stable account,2026-06-30
CUST000107,ACCT000107,0.499,Medium,degraded service,2026-06-30
CUST000108,ACCT000108,0.265,Low,unpaid invoices,2026-06-30
CUST000109,ACCT000109,0.131,Low,unpaid invoices,2026-06-30
CUST000110,ACCT000110,0.512,Medium,degraded service,2026-06-30
CUST000111,ACCT000111,0.107,Low,stable account,2026-06-30
CUST000112,ACCT000112,0.406,Medium,unpaid invoices,2026-06-30
CUST000113,ACCT000113,0.125,Low,stable account,2026-06-30
CUST000114,ACCT000114,0.137,Low,stable account,2026-06-30
CUST000115,ACCT000115,0.214,Low,unpaid invoices,2026-06-30
CUST000116,ACCT000116,0.207,Low,unpaid invoices,2026-06-30
CUST000117,ACCT000117,0.471,Medium,unpaid invoices,2026-06-30
CUST000118,ACCT000118,0.6,High,unpaid invoices,2026-06-30
CUST000119,ACCT000119,0.283,Low,degraded service,2026-06-30
CUST000120,ACCT000120,0.15,Low,stable account,2026-06-30
CUST000121,ACCT000121,0.177,Low,stable account,2026-06-30
CUST000122,ACCT000122,0.355,Medium,degraded service,2026-06-30
CUST000123,ACCT000123,0.165,Low,stable account,2026-06-30
CUST000124,ACCT000124,0.329,Medium,unpaid invoices,2026-06-30
CUST000125,ACCT000125,0.271,Low,unpaid invoices,2026-06-30
CUST000126,ACCT000126,0.276,Low,new/short tenure,2026-06-30
CUST000127,ACCT000127,0.682,High,account suspended,2026-06-30
CUST000128,ACCT000128,0.687,High,unpaid invoices,2026-06-30
CUST000129,ACCT000129,0.297,Low,degraded service,2026-06-30
CUST000130,ACCT000130,0.084,Low,stable account,2026-06-30
CUST000131,ACCT000131,0.183,Low,unpaid invoices,2026-06-30
CUST000132,ACCT000132,0.165,Low,unpaid invoices,2026-06-30
CUST000133,ACCT000133,0.187,Low,unpaid invoices,2026-06-30
CUST000134,ACCT000134,0.094,Low,stable account,2026-06-30
CUST000135,ACCT000135,0.175,Low,stable account,2026-06-30
CUST000136,ACCT000136,0.317,Medium,degraded service,2026-06-30
CUST000137,ACCT000137,0.103,Low,stable account,2026-06-30
CUST000138,ACCT000138,0.324,Medium,degraded service,2026-06-30
CUST000139,ACCT000139,0.097,Low,stable account,2026-06-30
CUST000140,ACCT000140,0.256,Low,unpaid invoices,2026-06-30
CUST000141,ACCT000141,0.211,Low,unpaid invoices,2026-06-30
CUST000142,ACCT000142,0.217,Low,unpaid invoices,2026-06-30
CUST000143,ACCT000143,0.89,High,account suspended,2026-06-30
CUST000144,ACCT000144,0.11,Low,stable account,2026-06-30
CUST000145,ACCT000145,0.571,High,account suspended,2026-06-30
CUST000146,ACCT000146,0.09,Low,stable account,2026-06-30
CUST000147,ACCT000147,0.127,Low,stable account,2026-06-30
CUST000148,ACCT000148,0.326,Medium,low satisfaction,2026-06-30
CUST000149,ACCT000149,0.339,Medium,degraded service,2026-06-30
CUST000150,ACCT000150,0.173,Low,stable account,2026-06-30
CUST000151,ACCT000151,0.3,Medium,unpaid invoices,2026-06-30
CUST000152,ACCT000152,0.147,Low,stable account,2026-06-30
CUST000153,ACCT000153,0.131,Low,stable account,2026-06-30
CUST000154,ACCT000154,0.305,Medium,unpaid invoices,2026-06-30
CUST000155,ACCT000155,0.421,Medium,unpaid invoices,2026-06-30
CUST000156,ACCT000156,0.189,Low,unpaid invoices,2026-06-30
CUST000157,ACCT000157,0.145,Low,stable account,2026-06-30
CUST000158,ACCT000158,0.674,High,account suspended,2026-06-30
CUST000159,ACCT000159,0.19,Low,unpaid invoices,2026-06-30
CUST000160,ACCT000160,0.322,Medium,unpaid invoices,2026-06-30
CUST000161,ACCT000161,0.132,Low,stable account,2026-06-30
CUST000162,ACCT000162,0.348,Medium,degraded service,2026-06-30
CUST000163,ACCT000163,0.475,Medium,cancellation intent,2026-06-30
CUST000164,ACCT000164,0.296,Low,unpaid invoices,2026-06-30
CUST000165,ACCT000165,0.14,Low,stable account,2026-06-30
CUST000166,ACCT000166,0.196,Low,unpaid invoices,2026-06-30
CUST000167,ACCT000167,0.32,Medium,unpaid invoices,2026-06-30
CUST000168,ACCT000168,0.566,High,unpaid invoices,2026-06-30
CUST000169,ACCT000169,0.188,Low,unpaid invoices,2026-06-30
CUST000170,ACCT000170,0.436,Medium,unpaid invoices,2026-06-30
CUST000171,ACCT000171,0.223,Low,unpaid invoices,2026-06-30
CUST000172,ACCT000172,0.256,Low,unpaid invoices,2026-06-30
CUST000173,ACCT000173,0.266,Low,unpaid invoices,2026-06-30
CUST000174,ACCT000174,0.228,Low,unpaid invoices,2026-06-30
CUST000175,ACCT000175,0.358,Medium,cancellation intent,2026-06-30
CUST000176,ACCT000176,0.542,Medium,unpaid invoices,2026-06-30
CUST000177,ACCT000177,0.448,Medium,degraded service,2026-06-30
CUST000178,ACCT000178,0.104,Low,stable account,2026-06-30
CUST000179,ACCT000179,0.279,Low,unpaid invoices,2026-06-30
CUST000180,ACCT000180,0.706,High,account suspended,2026-06-30
CUST000181,ACCT000181,0.567,High,unpaid invoices,2026-06-30
CUST000182,ACCT000182,0.357,Medium,low satisfaction,2026-06-30
CUST000183,ACCT000183,0.325,Medium,degraded service,2026-06-30
CUST000184,ACCT000184,0.374,Medium,cancellation intent,2026-06-30
CUST000185,ACCT000185,0.104,Low,stable account,2026-06-30
CUST000186,ACCT000186,0.478,Medium,unpaid invoices,2026-06-30
CUST000187,ACCT000187,0.229,Low,unpaid invoices,2026-06-30
CUST000188,ACCT000188,0.117,Low,stable account,2026-06-30
CUST000189,ACCT000189,0.222,Low,unpaid invoices,2026-06-30
CUST000190,ACCT000190,0.225,Low,unpaid invoices,2026-06-30
CUST000191,ACCT000191,0.129,Low,stable account,2026-06-30
CUST000192,ACCT000192,0.175,Low,stable account,2026-06-30
CUST000193,ACCT000193,0.126,Low,stable account,2026-06-30
CUST000194,ACCT000194,0.358,Medium,unpaid invoices,2026-06-30
CUST000195,ACCT000195,0.086,Low,stable account,2026-06-30
CUST000196,ACCT000196,0.312,Medium,degraded service,2026-06-30
CUST000197,ACCT000197,0.178,Low,stable account,2026-06-30
CUST000198,ACCT000198,0.264,Low,unpaid invoices,2026-06-30
CUST000199,ACCT000199,0.325,Medium,unpaid invoices,2026-06-30
CUST000200,ACCT000200,0.21,Low,new/short tenure,2026-06-30
CUST000201,ACCT000201,0.688,High,unpaid invoices,2026-06-30
CUST000202,ACCT000202,0.143,Low,unpaid invoices,2026-06-30
CUST000203,ACCT000203,0.075,Low,stable account,2026-06-30
CUST000204,ACCT000204,0.404,Medium,unpaid invoices,2026-06-30
CUST000205,ACCT000205,0.213,Low,unpaid invoices,2026-06-30
CUST000206,ACCT000206,0.471,Medium,unpaid invoices,2026-06-30
CUST000207,ACCT000207,0.322,Medium,unpaid invoices,2026-06-30
CUST000208,ACCT000208,0.119,Low,stable account,2026-06-30
CUST000209,ACCT000209,0.193,Low,unpaid invoices,2026-06-30
CUST000210,ACCT000210,0.129,Low,stable account,2026-06-30
CUST000211,ACCT000211,0.161,Low,stable account,2026-06-30
CUST000212,ACCT000212,0.163,Low,stable account,2026-06-30
CUST000213,ACCT000213,0.237,Low,unpaid invoices,2026-06-30
CUST000214,ACCT000214,0.574,High,account suspended,2026-06-30
CUST000215,ACCT000215,0.35,Medium,degraded service,2026-06-30
CUST000216,ACCT000216,0.404,Medium,cancellation intent,2026-06-30
CUST000217,ACCT000217,0.33,Medium,unpaid invoices,2026-06-30
CUST000218,ACCT000218,0.138,Low,stable account,2026-06-30
CUST000219,ACCT000219,0.529,Medium,account suspended,2026-06-30
CUST000220,ACCT000220,0.142,Low,stable account,2026-06-30
CUST000221,ACCT000221,0.09,Low,stable account,2026-06-30
CUST000222,ACCT000222,0.374,Medium,unpaid invoices,2026-06-30
CUST000223,ACCT000223,0.607,High,account suspended,2026-06-30
CUST000224,ACCT000224,0.632,High,account suspended,2026-06-30
CUST000225,ACCT000225,0.299,Low,unpaid invoices,2026-06-30
CUST000226,ACCT000226,0.125,Low,stable account,2026-06-30
CUST000227,ACCT000227,0.123,Low,stable account,2026-06-30
CUST000228,ACCT000228,0.383,Medium,unpaid invoices,2026-06-30
CUST000229,ACCT000229,0.547,Medium,account suspended,2026-06-30
CUST000230,ACCT000230,0.418,Medium,cancellation intent,2026-06-30
CUST000231,ACCT000231,0.18,Low,unpaid invoices,2026-06-30
CUST000232,ACCT000232,0.68,High,account suspended,2026-06-30
CUST000233,ACCT000233,0.444,Medium,unpaid invoices,2026-06-30
CUST000234,ACCT000234,0.178,Low,stable account,2026-06-30
CUST000235,ACCT000235,0.38,Medium,unpaid invoices,2026-06-30
CUST000236,ACCT000236,0.207,Low,unpaid invoices,2026-06-30
CUST000237,ACCT000237,0.173,Low,unpaid invoices,2026-06-30
CUST000238,ACCT000238,0.333,Medium,unpaid invoices,2026-06-30
CUST000239,ACCT000239,0.327,Medium,unpaid invoices,2026-06-30
CUST000240,ACCT000240,0.888,High,account suspended,2026-06-30
CUST000241,ACCT000241,0.083,Low,stable account,2026-06-30
CUST000242,ACCT000242,0.141,Low,stable account,2026-06-30
CUST000243,ACCT000243,0.088,Low,stable account,2026-06-30
CUST000244,ACCT000244,0.369,Medium,degraded service,2026-06-30
CUST000245,ACCT000245,0.673,High,unpaid invoices,2026-06-30
CUST000246,ACCT000246,0.116,Low,stable account,2026-06-30
CUST000247,ACCT000247,0.071,Low,stable account,2026-06-30
CUST000248,ACCT000248,0.149,Low,stable account,2026-06-30
CUST000249,ACCT000249,0.107,Low,stable account,2026-06-30
CUST000250,ACCT000250,0.299,Low,unpaid invoices,2026-06-30
CUST000251,ACCT000251,0.184,Low,new/short tenure,2026-06-30
CUST000252,ACCT000252,0.08,Low,stable account,2026-06-30
CUST000253,ACCT000253,0.306,Medium,degraded service,2026-06-30
CUST000254,ACCT000254,0.067,Low,stable account,2026-06-30
CUST000255,ACCT000255,0.636,High,account suspended,2026-06-30
CUST000256,ACCT000256,0.152,Low,stable account,2026-06-30
CUST000257,ACCT000257,0.304,Medium,unpaid invoices,2026-06-30
CUST000258,ACCT000258,0.353,Medium,cancellation intent,2026-06-30
CUST000259,ACCT000259,0.926,High,account suspended,2026-06-30
CUST000260,ACCT000260,0.479,Medium,unpaid invoices,2026-06-30
CUST000261,ACCT000261,0.412,Medium,cancellation intent,2026-06-30
CUST000262,ACCT000262,0.112,Low,stable account,2026-06-30
CUST000263,ACCT000263,0.344,Medium,cancellation intent,2026-06-30
CUST000264,ACCT000264,0.381,Medium,unpaid invoices,2026-06-30
CUST000265,ACCT000265,0.471,Medium,unpaid invoices,2026-06-30
CUST000266,ACCT000266,0.318,Medium,unpaid invoices,2026-06-30
CUST000267,ACCT000267,0.121,Low,stable account,2026-06-30
CUST000268,ACCT000268,0.811,High,account suspended,2026-06-30
CUST000269,ACCT000269,0.376,Medium,unpaid invoices,2026-06-30
CUST000270,ACCT000270,0.029,Low,stable account,2026-06-30
CUST000271,ACCT000271,0.37,Medium,degraded service,2026-06-30
CUST000272,ACCT000272,0.312,Medium,unpaid invoices,2026-06-30
CUST000273,ACCT000273,0.643,High,account suspended,2026-06-30
CUST000274,ACCT000274,0.172,Low,new/short tenure,2026-06-30
CUST000275,ACCT000275,0.43,Medium,unpaid invoices,2026-06-30
CUST000276,ACCT000276,0.257,Low,unpaid invoices,2026-06-30
CUST000277,ACCT000277,0.114,Low,stable account,2026-06-30
CUST000278,ACCT000278,0.497,Medium,unpaid invoices,2026-06-30
CUST000279,ACCT000279,0.269,Low,unpaid invoices,2026-06-30
CUST000280,ACCT000280,0.171,Low,stable account,2026-06-30
CUST000281,ACCT000281,0.344,Medium,unpaid invoices,2026-06-30
CUST000282,ACCT000282,0.091,Low,stable account,2026-06-30
CUST000283,ACCT000283,0.156,Low,stable account,2026-06-30
CUST000284,ACCT000284,0.099,Low,stable account,2026-06-30
CUST000285,ACCT000285,0.14,Low,stable account,2026-06-30
CUST000286,ACCT000286,0.206,Low,unpaid invoices,2026-06-30
CUST000287,ACCT000287,0.122,Low,stable account,2026-06-30
CUST000288,ACCT000288,0.197,Low,unpaid invoices,2026-06-30
CUST000289,ACCT000289,0.648,High,unpaid invoices,2026-06-30
CUST000290,ACCT000290,0.415,Medium,unpaid invoices,2026-06-30
CUST000291,ACCT000291,0.675,High,account suspended,2026-06-30
CUST000292,ACCT000292,0.073,Low,stable account,2026-06-30
CUST000293,ACCT000293,0.246,Low,unpaid invoices,2026-06-30
CUST000294,ACCT000294,0.175,Low,unpaid invoices,2026-06-30
CUST000295,ACCT000295,0.465,Medium,cancellation intent,2026-06-30
CUST000296,ACCT000296,0.62,High,account suspended,2026-06-30
CUST000297,ACCT000297,0.356,Medium,unpaid invoices,2026-06-30
CUST000298,ACCT000298,0.202,Low,unpaid invoices,2026-06-30
CUST000299,ACCT000299,0.083,Low,stable account,2026-06-30
CUST000300,ACCT000300,0.129,Low,stable account,2026-06-30
CUST000301,ACCT000301,0.198,Low,unpaid invoices,2026-06-30
CUST000302,ACCT000302,0.677,High,unpaid invoices,2026-06-30
CUST000303,ACCT000303,0.205,Low,unpaid invoices,2026-06-30
CUST000304,ACCT000304,0.445,Medium,unpaid invoices,2026-06-30
CUST000305,ACCT000305,0.684,High,account suspended,2026-06-30
CUST000306,ACCT000306,0.305,Medium,unpaid invoices,2026-06-30
CUST000307,ACCT000307,0.431,Medium,unpaid invoices,2026-06-30
CUST000308,ACCT000308,0.489,Medium,unpaid invoices,2026-06-30
CUST000309,ACCT000309,0.295,Low,degraded service,2026-06-30
CUST000310,ACCT000310,0.237,Low,new/short tenure,2026-06-30
CUST000311,ACCT000311,0.171,Low,new/short tenure,2026-06-30
CUST000312,ACCT000312,0.055,Low,stable account,2026-06-30
CUST000313,ACCT000313,0.125,Low,stable account,2026-06-30
CUST000314,ACCT000314,0.655,High,unpaid invoices,2026-06-30
CUST000315,ACCT000315,0.821,High,degraded service,2026-06-30
CUST000316,ACCT000316,0.28,Low,unpaid invoices,2026-06-30
CUST000317,ACCT000317,0.272,Low,unpaid invoices,2026-06-30
CUST000318,ACCT000318,0.196,Low,unpaid invoices,2026-06-30
CUST000319,ACCT000319,0.22,Low,unpaid invoices,2026-06-30
CUST000320,ACCT000320,0.095,Low,stable account,2026-06-30
CUST000321,ACCT000321,0.182,Low,unpaid invoices,2026-06-30
CUST000322,ACCT000322,0.116,Low,stable account,2026-06-30
CUST000323,ACCT000323,0.42,Medium,unpaid invoices,2026-06-30
CUST000324,ACCT000324,0.28,Low,degraded service,2026-06-30
CUST000325,ACCT000325,0.367,Medium,unpaid invoices,2026-06-30
CUST000326,ACCT000326,0.154,Low,stable account,2026-06-30
CUST000327,ACCT000327,0.341,Medium,unpaid invoices,2026-06-30
CUST000328,ACCT000328,0.424,Medium,unpaid invoices,2026-06-30
CUST000329,ACCT000329,0.177,Low,stable account,2026-06-30
CUST000330,ACCT000330,0.201,Low,unpaid invoices,2026-06-30
CUST000331,ACCT000331,0.18,Low,stable account,2026-06-30
CUST000332,ACCT000332,0.149,Low,stable account,2026-06-30
CUST000333,ACCT000333,0.379,Medium,unpaid invoices,2026-06-30
CUST000334,ACCT000334,0.409,Medium,unpaid invoices,2026-06-30
CUST000335,ACCT000335,0.105,Low,stable account,2026-06-30
CUST000336,ACCT000336,0.453,Medium,unpaid invoices,2026-06-30
CUST000337,ACCT000337,0.185,Low,new/short tenure,2026-06-30
CUST000338,ACCT000338,0.305,Medium,unpaid invoices,2026-06-30
CUST000339,ACCT000339,0.605,High,unpaid invoices,2026-06-30
CUST000340,ACCT000340,0.113,Low,stable account,2026-06-30
CUST000341,ACCT000341,0.423,Medium,unpaid invoices,2026-06-30
CUST000342,ACCT000342,0.701,High,account suspended,2026-06-30
CUST000343,ACCT000343,0.341,Medium,unpaid invoices,2026-06-30
CUST000344,ACCT000344,0.251,Low,unpaid invoices,2026-06-30
CUST000345,ACCT000345,0.274,Low,unpaid invoices,2026-06-30
CUST000346,ACCT000346,0.075,Low,stable account,2026-06-30
CUST000347,ACCT000347,0.255,Low,unpaid invoices,2026-06-30
CUST000348,ACCT000348,0.298,Low,unpaid invoices,2026-06-30
CUST000349,ACCT000349,0.088,Low,stable account,2026-06-30
CUST000350,ACCT000350,0.236,Low,new/short tenure,2026-06-30
CUST000351,ACCT000351,0.088,Low,stable account,2026-06-30
CUST000352,ACCT000352,0.6,High,unpaid invoices,2026-06-30
CUST000353,ACCT000353,0.155,Low,stable account,2026-06-30
CUST000354,ACCT000354,0.03,Low,stable account,2026-06-30
CUST000355,ACCT000355,0.302,Medium,unpaid invoices,2026-06-30
CUST000356,ACCT000356,0.319,Medium,unpaid invoices,2026-06-30
CUST000357,ACCT000357,0.318,Medium,unpaid invoices,2026-06-30
CUST000358,ACCT000358,0.266,Low,unpaid invoices,2026-06-30
CUST000359,ACCT000359,0.028,Low,stable account,2026-06-30
CUST000360,ACCT000360,0.127,Low,stable account,2026-06-30
CUST000361,ACCT000361,0.171,Low,unpaid invoices,2026-06-30
CUST000362,ACCT000362,0.107,Low,stable account,2026-06-30
CUST000363,ACCT000363,0.416,Medium,unpaid invoices,2026-06-30
CUST000364,ACCT000364,0.298,Low,degraded service,2026-06-30
CUST000365,ACCT000365,0.177,Low,unpaid invoices,2026-06-30
CUST000366,ACCT000366,0.116,Low,stable account,2026-06-30
CUST000367,ACCT000367,0.302,Medium,unpaid invoices,2026-06-30
CUST000368,ACCT000368,0.201,Low,unpaid invoices,2026-06-30
CUST000369,ACCT000369,0.174,Low,unpaid invoices,2026-06-30
CUST000370,ACCT000370,0.166,Low,unpaid invoices,2026-06-30
CUST000371,ACCT000371,0.336,Medium,cancellation intent,2026-06-30
CUST000372,ACCT000372,0.127,Low,stable account,2026-06-30
CUST000373,ACCT000373,0.276,Low,unpaid invoices,2026-06-30
CUST000374,ACCT000374,0.325,Medium,degraded service,2026-06-30
CUST000375,ACCT000375,0.285,Low,unpaid invoices,2026-06-30
CUST000376,ACCT000376,0.202,Low,unpaid invoices,2026-06-30
CUST000377,ACCT000377,0.402,Medium,cancellation intent,2026-06-30
CUST000378,ACCT000378,0.195,Low,unpaid invoices,2026-06-30
CUST000379,ACCT000379,0.123,Low,stable account,2026-06-30
CUST000380,ACCT000380,0.111,Low,stable account,2026-06-30
CUST000381,ACCT000381,0.023,Low,stable account,2026-06-30
CUST000382,ACCT000382,0.1,Low,stable account,2026-06-30
CUST000383,ACCT000383,0.078,Low,stable account,2026-06-30
CUST000384,ACCT000384,0.569,High,unpaid invoices,2026-06-30
CUST000385,ACCT000385,0.554,High,account suspended,2026-06-30
CUST000386,ACCT000386,0.144,Low,stable account,2026-06-30
CUST000387,ACCT000387,0.226,Low,unpaid invoices,2026-06-30
CUST000388,ACCT000388,0.072,Low,stable account,2026-06-30
CUST000389,ACCT000389,0.537,Medium,unpaid invoices,2026-06-30
CUST000390,ACCT000390,0.264,Low,unpaid invoices,2026-06-30
CUST000391,ACCT000391,0.153,Low,unpaid invoices,2026-06-30
CUST000392,ACCT000392,0.277,Low,degraded service,2026-06-30
CUST000393,ACCT000393,0.186,Low,unpaid invoices,2026-06-30
CUST000394,ACCT000394,0.074,Low,stable account,2026-06-30
CUST000395,ACCT000395,0.118,Low,stable account,2026-06-30
CUST000396,ACCT000396,0.108,Low,stable account,2026-06-30
CUST000397,ACCT000397,0.047,Low,stable account,2026-06-30
CUST000398,ACCT000398,0.129,Low,stable account,2026-06-30
CUST000399,ACCT000399,0.103,Low,stable account,2026-06-30
CUST000400,ACCT000400,0.182,Low,unpaid invoices,2026-06-30
CUST000401,ACCT000401,0.222,Low,unpaid invoices,2026-06-30
CUST000402,ACCT000402,0.326,Medium,unpaid invoices,2026-06-30
CUST000403,ACCT000403,0.125,Low,stable account,2026-06-30
CUST000404,ACCT000404,0.071,Low,stable account,2026-06-30
CUST000405,ACCT000405,0.464,Medium,unpaid invoices,2026-06-30
CUST000406,ACCT000406,0.179,Low,unpaid invoices,2026-06-30
CUST000407,ACCT000407,0.69,High,account suspended,2026-06-30
CUST000408,ACCT000408,0.401,Medium,unpaid invoices,2026-06-30
CUST000409,ACCT000409,0.271,Low,low satisfaction,2026-06-30
CUST000410,ACCT000410,0.133,Low,stable account,2026-06-30
CUST000411,ACCT000411,0.16,Low,stable account,2026-06-30
CUST000412,ACCT000412,0.512,Medium,unpaid invoices,2026-06-30
CUST000413,ACCT000413,0.092,Low,stable account,2026-06-30
CUST000414,ACCT000414,0.173,Low,stable account,2026-06-30
CUST000415,ACCT000415,0.097,Low,stable account,2026-06-30
CUST000416,ACCT000416,0.673,High,account suspended,2026-06-30
CUST000417,ACCT000417,0.487,Medium,unpaid invoices,2026-06-30
CUST000418,ACCT000418,0.304,Medium,low satisfaction,2026-06-30
CUST000419,ACCT000419,0.83,High,account suspended,2026-06-30
CUST000420,ACCT000420,0.076,Low,stable account,2026-06-30
CUST000421,ACCT000421,0.199,Low,unpaid invoices,2026-06-30
CUST000422,ACCT000422,0.759,High,unpaid invoices,2026-06-30
CUST000423,ACCT000423,0.28,Low,unpaid invoices,2026-06-30
CUST000424,ACCT000424,0.132,Low,stable account,2026-06-30
CUST000425,ACCT000425,0.199,Low,unpaid invoices,2026-06-30
CUST000426,ACCT000426,0.122,Low,stable account,2026-06-30
CUST000427,ACCT000427,0.234,Low,unpaid invoices,2026-06-30
CUST000428,ACCT000428,0.126,Low,stable account,2026-06-30
CUST000429,ACCT000429,0.2,Low,unpaid invoices,2026-06-30
CUST000430,ACCT000430,0.384,Medium,cancellation intent,2026-06-30
CUST000431,ACCT000431,0.253,Low,unpaid invoices,2026-06-30
CUST000432,ACCT000432,0.47,Medium,unpaid invoices,2026-06-30
CUST000433,ACCT000433,0.08,Low,stable account,2026-06-30
CUST000434,ACCT000434,0.077,Low,stable account,2026-06-30
CUST000435,ACCT000435,0.342,Medium,degraded service,2026-06-30
CUST000436,ACCT000436,0.166,Low,stable account,2026-06-30
CUST000437,ACCT000437,0.323,Medium,unpaid invoices,2026-06-30
CUST000438,ACCT000438,0.126,Low,stable account,2026-06-30
CUST000439,ACCT000439,0.112,Low,stable account,2026-06-30
CUST000440,ACCT000440,0.315,Medium,unpaid invoices,2026-06-30
CUST000441,ACCT000441,0.704,High,account suspended,2026-06-30
CUST000442,ACCT000442,0.33,Medium,cancellation intent,2026-06-30
CUST000443,ACCT000443,0.073,Low,stable account,2026-06-30
CUST000444,ACCT000444,0.343,Medium,unpaid invoices,2026-06-30
CUST000445,ACCT000445,0.222,Low,unpaid invoices,2026-06-30
CUST000446,ACCT000446,0.452,Medium,unpaid invoices,2026-06-30
CUST000447,ACCT000447,0.084,Low,stable account,2026-06-30
CUST000448,ACCT000448,0.178,Low,stable account,2026-06-30
CUST000449,ACCT000449,0.301,Medium,unpaid invoices,2026-06-30
CUST000450,ACCT000450,0.28,Low,low satisfaction,2026-06-30
CUST000451,ACCT000451,0.34,Medium,low satisfaction,2026-06-30
CUST000452,ACCT000452,0.322,Medium,cancellation intent,2026-06-30
CUST000453,ACCT000453,0.133,Low,stable account,2026-06-30
CUST000454,ACCT000454,0.125,Low,stable account,2026-06-30
CUST000455,ACCT000455,0.552,High,unpaid invoices,2026-06-30
CUST000456,ACCT000456,0.085,Low,stable account,2026-06-30
CUST000457,ACCT000457,0.234,Low,unpaid invoices,2026-06-30
CUST000458,ACCT000458,0.278,Low,unpaid invoices,2026-06-30
CUST000459,ACCT000459,0.374,Medium,unpaid invoices,2026-06-30
CUST000460,ACCT000460,0.188,Low,unpaid invoices,2026-06-30
CUST000461,ACCT000461,0.691,High,account suspended,2026-06-30
CUST000462,ACCT000462,0.193,Low,unpaid invoices,2026-06-30
CUST000463,ACCT000463,0.65,High,unpaid invoices,2026-06-30
CUST000464,ACCT000464,0.273,Low,unpaid invoices,2026-06-30
CUST000465,ACCT000465,0.194,Low,new/short tenure,2026-06-30
CUST000466,ACCT000466,0.079,Low,stable account,2026-06-30
CUST000467,ACCT000467,0.091,Low,stable account,2026-06-30
CUST000468,ACCT000468,0.244,Low,unpaid invoices,2026-06-30
CUST000469,ACCT000469,0.308,Medium,unpaid invoices,2026-06-30
CUST000470,ACCT000470,0.531,Medium,unpaid invoices,2026-06-30
CUST000471,ACCT000471,0.17,Low,stable account,2026-06-30
CUST000472,ACCT000472,0.452,Medium,unpaid invoices,2026-06-30
CUST000473,ACCT000473,0.479,Medium,cancellation intent,2026-06-30
CUST000474,ACCT000474,0.271,Low,unpaid invoices,2026-06-30
CUST000475,ACCT000475,0.429,Medium,unpaid invoices,2026-06-30
CUST000476,ACCT000476,0.158,Low,stable account,2026-06-30
CUST000477,ACCT000477,0.353,Medium,degraded service,2026-06-30
CUST000478,ACCT000478,0.279,Low,unpaid invoices,2026-06-30
CUST000479,ACCT000479,0.334,Medium,cancellation intent,2026-06-30
CUST000480,ACCT000480,0.233,Low,unpaid invoices,2026-06-30
CUST000481,ACCT000481,0.3,Medium,degraded service,2026-06-30
CUST000482,ACCT000482,0.453,Medium,unpaid invoices,2026-06-30
CUST000483,ACCT000483,0.316,Medium,degraded service,2026-06-30
CUST000484,ACCT000484,0.224,Low,unpaid invoices,2026-06-30
CUST000485,ACCT000485,0.192,Low,unpaid invoices,2026-06-30
CUST000486,ACCT000486,0.135,Low,stable account,2026-06-30
CUST000487,ACCT000487,0.327,Medium,low satisfaction,2026-06-30
CUST000488,ACCT000488,0.662,High,unpaid invoices,2026-06-30
CUST000489,ACCT000489,0.347,Medium,unpaid invoices,2026-06-30
CUST000490,ACCT000490,0.381,Medium,cancellation intent,2026-06-30
CUST000491,ACCT000491,0.228,Low,unpaid invoices,2026-06-30
CUST000492,ACCT000492,0.058,Low,stable account,2026-06-30
CUST000493,ACCT000493,0.129,Low,stable account,2026-06-30
CUST000494,ACCT000494,0.318,Medium,unpaid invoices,2026-06-30
CUST000495,ACCT000495,0.577,High,unpaid invoices,2026-06-30
CUST000496,ACCT000496,0.202,Low,unpaid invoices,2026-06-30
CUST000497,ACCT000497,0.345,Medium,unpaid invoices,2026-06-30
CUST000498,ACCT000498,0.392,Medium,unpaid invoices,2026-06-30
CUST000499,ACCT000499,0.074,Low,stable account,2026-06-30
CUST000500,ACCT000500,0.237,Low,unpaid invoices,2026-06-30
CUST000501,ACCT000501,0.17,Low,stable account,2026-06-30
CUST000502,ACCT000502,0.595,High,unpaid invoices,2026-06-30
CUST000503,ACCT000503,0.232,Low,new/short tenure,2026-06-30
CUST000504,ACCT000504,0.646,High,account suspended,2026-06-30
CUST000505,ACCT000505,0.353,Medium,cancellation intent,2026-06-30
CUST000506,ACCT000506,0.316,Medium,unpaid invoices,2026-06-30
CUST000507,ACCT000507,0.575,High,unpaid invoices,2026-06-30
CUST000508,ACCT000508,0.337,Medium,unpaid invoices,2026-06-30
CUST000509,ACCT000509,0.138,Low,stable account,2026-06-30
CUST000510,ACCT000510,0.143,Low,stable account,2026-06-30
CUST000511,ACCT000511,0.08,Low,stable account,2026-06-30
CUST000512,ACCT000512,0.234,Low,unpaid invoices,2026-06-30
CUST000513,ACCT000513,0.073,Low,stable account,2026-06-30
CUST000514,ACCT000514,0.089,Low,stable account,2026-06-30
CUST000515,ACCT000515,0.324,Medium,degraded service,2026-06-30
CUST000516,ACCT000516,0.283,Low,degraded service,2026-06-30
CUST000517,ACCT000517,0.364,Medium,degraded service,2026-06-30
CUST000518,ACCT000518,0.109,Low,stable account,2026-06-30
CUST000519,ACCT000519,0.075,Low,stable account,2026-06-30
CUST000520,ACCT000520,0.72,High,unpaid invoices,2026-06-30
CUST000521,ACCT000521,0.227,Low,new/short tenure,2026-06-30
CUST000522,ACCT000522,0.104,Low,stable account,2026-06-30
CUST000523,ACCT000523,0.084,Low,stable account,2026-06-30
CUST000524,ACCT000524,0.228,Low,unpaid invoices,2026-06-30
CUST000525,ACCT000525,0.124,Low,stable account,2026-06-30
CUST000526,ACCT000526,0.256,Low,unpaid invoices,2026-06-30
CUST000527,ACCT000527,0.169,Low,stable account,2026-06-30
CUST000528,ACCT000528,0.225,Low,unpaid invoices,2026-06-30
CUST000529,ACCT000529,0.074,Low,stable account,2026-06-30
CUST000530,ACCT000530,0.308,Medium,cancellation intent,2026-06-30
CUST000531,ACCT000531,0.378,Medium,cancellation intent,2026-06-30
CUST000532,ACCT000532,0.197,Low,unpaid invoices,2026-06-30
CUST000533,ACCT000533,0.325,Medium,unpaid invoices,2026-06-30
CUST000534,ACCT000534,0.07,Low,stable account,2026-06-30
CUST000535,ACCT000535,0.134,Low,stable account,2026-06-30
CUST000536,ACCT000536,0.109,Low,stable account,2026-06-30
CUST000537,ACCT000537,0.619,High,unpaid invoices,2026-06-30
CUST000538,ACCT000538,0.443,Medium,unpaid invoices,2026-06-30
CUST000539,ACCT000539,0.07,Low,stable account,2026-06-30
CUST000540,ACCT000540,0.144,Low,stable account,2026-06-30
CUST000541,ACCT000541,0.147,Low,stable account,2026-06-30
CUST000542,ACCT000542,0.527,Medium,unpaid invoices,2026-06-30
CUST000543,ACCT000543,0.524,Medium,unpaid invoices,2026-06-30
CUST000544,ACCT000544,0.17,Low,stable account,2026-06-30
CUST000545,ACCT000545,0.356,Medium,unpaid invoices,2026-06-30
CUST000546,ACCT000546,0.335,Medium,low satisfaction,2026-06-30
CUST000547,ACCT000547,0.117,Low,stable account,2026-06-30
CUST000548,ACCT000548,0.295,Low,unpaid invoices,2026-06-30
CUST000549,ACCT000549,0.221,Low,unpaid invoices,2026-06-30
CUST000550,ACCT000550,0.099,Low,stable account,2026-06-30
CUST000551,ACCT000551,0.277,Low,unpaid invoices,2026-06-30
CUST000552,ACCT000552,0.1,Low,stable account,2026-06-30
CUST000553,ACCT000553,0.338,Medium,cancellation intent,2026-06-30
CUST000554,ACCT000554,0.144,Low,stable account,2026-06-30
CUST000555,ACCT000555,0.707,High,account suspended,2026-06-30
CUST000556,ACCT000556,0.374,Medium,degraded service,2026-06-30
CUST000557,ACCT000557,0.296,Low,degraded service,2026-06-30
CUST000558,ACCT000558,0.089,Low,stable account,2026-06-30
CUST000559,ACCT000559,0.195,Low,unpaid invoices,2026-06-30
CUST000560,ACCT000560,0.079,Low,stable account,2026-06-30
CUST000561,ACCT000561,0.127,Low,stable account,2026-06-30
CUST000562,ACCT000562,0.22,Low,unpaid invoices,2026-06-30
CUST000563,ACCT000563,0.214,Low,unpaid invoices,2026-06-30
CUST000564,ACCT000564,0.406,Medium,unpaid invoices,2026-06-30
CUST000565,ACCT000565,0.129,Low,stable account,2026-06-30
CUST000566,ACCT000566,0.291,Low,unpaid invoices,2026-06-30
CUST000567,ACCT000567,0.129,Low,stable account,2026-06-30
CUST000568,ACCT000568,0.654,High,unpaid invoices,2026-06-30
CUST000569,ACCT000569,0.121,Low,unpaid invoices,2026-06-30
CUST000570,ACCT000570,0.322,Medium,cancellation intent,2026-06-30
CUST000571,ACCT000571,0.122,Low,stable account,2026-06-30
CUST000572,ACCT000572,0.3,Low,unpaid invoices,2026-06-30
CUST000573,ACCT000573,0.177,Low,unpaid invoices,2026-06-30
CUST000574,ACCT000574,0.39,Medium,unpaid invoices,2026-06-30
CUST000575,ACCT000575,0.316,Medium,cancellation intent,2026-06-30
CUST000576,ACCT000576,0.526,Medium,unpaid invoices,2026-06-30
CUST000577,ACCT000577,0.929,High,account suspended,2026-06-30
CUST000578,ACCT000578,0.57,High,account suspended,2026-06-30
CUST000579,ACCT000579,0.373,Medium,unpaid invoices,2026-06-30
CUST000580,ACCT000580,0.645,High,account suspended,2026-06-30
CUST000581,ACCT000581,0.175,Low,unpaid invoices,2026-06-30
CUST000582,ACCT000582,0.43,Medium,unpaid invoices,2026-06-30
CUST000583,ACCT000583,0.475,Medium,unpaid invoices,2026-06-30
CUST000584,ACCT000584,0.12,Low,stable account,2026-06-30
CUST000585,ACCT000585,0.159,Low,stable account,2026-06-30
CUST000586,ACCT000586,0.219,Low,new/short tenure,2026-06-30
CUST000587,ACCT000587,0.177,Low,unpaid invoices,2026-06-30
CUST000588,ACCT000588,0.44,Medium,unpaid invoices,2026-06-30
CUST000589,ACCT000589,0.202,Low,unpaid invoices,2026-06-30
CUST000590,ACCT000590,0.24,Low,unpaid invoices,2026-06-30
CUST000591,ACCT000591,0.151,Low,stable account,2026-06-30
CUST000592,ACCT000592,0.099,Low,stable account,2026-06-30
CUST000593,ACCT000593,0.095,Low,stable account,2026-06-30
CUST000594,ACCT000594,0.141,Low,stable account,2026-06-30
CUST000595,ACCT000595,0.397,Medium,unpaid invoices,2026-06-30
CUST000596,ACCT000596,0.502,Medium,unpaid invoices,2026-06-30
CUST000597,ACCT000597,0.532,Medium,unpaid invoices,2026-06-30
CUST000598,ACCT000598,0.411,Medium,cancellation intent,2026-06-30
CUST000599,ACCT000599,0.258,Low,unpaid invoices,2026-06-30
CUST000600,ACCT000600,0.102,Low,stable account,2026-06-30
CUST000601,ACCT000601,0.318,Medium,unpaid invoices,2026-06-30
CUST000602,ACCT000602,0.305,Medium,unpaid invoices,2026-06-30
CUST000603,ACCT000603,0.526,Medium,unpaid invoices,2026-06-30
CUST000604,ACCT000604,0.083,Low,stable account,2026-06-30
CUST000605,ACCT000605,0.177,Low,unpaid invoices,2026-06-30
CUST000606,ACCT000606,0.197,Low,unpaid invoices,2026-06-30
CUST000607,ACCT000607,0.165,Low,stable account,2026-06-30
CUST000608,ACCT000608,0.265,Low,unpaid invoices,2026-06-30
CUST000609,ACCT000609,0.121,Low,stable account,2026-06-30
CUST000610,ACCT000610,0.573,High,unpaid invoices,2026-06-30
CUST000611,ACCT000611,0.248,Low,unpaid invoices,2026-06-30
CUST000612,ACCT000612,0.293,Low,low satisfaction,2026-06-30
CUST000613,ACCT000613,0.878,High,account suspended,2026-06-30
CUST000614,ACCT000614,0.224,Low,unpaid invoices,2026-06-30
CUST000615,ACCT000615,0.087,Low,stable account,2026-06-30
CUST000616,ACCT000616,0.64,High,account suspended,2026-06-30
CUST000617,ACCT000617,0.24,Low,new/short tenure,2026-06-30
CUST000618,ACCT000618,0.069,Low,stable account,2026-06-30
CUST000619,ACCT000619,0.307,Medium,unpaid invoices,2026-06-30
CUST000620,ACCT000620,0.272,Low,degraded service,2026-06-30
CUST000621,ACCT000621,0.137,Low,stable account,2026-06-30
CUST000622,ACCT000622,0.189,Low,unpaid invoices,2026-06-30
CUST000623,ACCT000623,0.457,Medium,unpaid invoices,2026-06-30
CUST000624,ACCT000624,0.477,Medium,unpaid invoices,2026-06-30
CUST000625,ACCT000625,0.337,Medium,cancellation intent,2026-06-30
CUST000626,ACCT000626,0.379,Medium,unpaid invoices,2026-06-30
CUST000627,ACCT000627,0.22,Low,unpaid invoices,2026-06-30
CUST000628,ACCT000628,0.088,Low,stable account,2026-06-30
CUST000629,ACCT000629,0.075,Low,stable account,2026-06-30
CUST000630,ACCT000630,0.287,Low,degraded service,2026-06-30
CUST000631,ACCT000631,0.31,Medium,low satisfaction,2026-06-30
CUST000632,ACCT000632,0.548,Medium,unpaid invoices,2026-06-30
CUST000633,ACCT000633,0.405,Medium,unpaid invoices,2026-06-30
CUST000634,ACCT000634,0.255,Low,unpaid invoices,2026-06-30
CUST000635,ACCT000635,0.078,Low,stable account,2026-06-30
CUST000636,ACCT000636,0.174,Low,stable account,2026-06-30
CUST000637,ACCT000637,0.228,Low,new/short tenure,2026-06-30
CUST000638,ACCT000638,0.402,Medium,unpaid invoices,2026-06-30
CUST000639,ACCT000639,0.813,High,account suspended,2026-06-30
CUST000640,ACCT000640,0.213,Low,unpaid invoices,2026-06-30
CUST000641,ACCT000641,0.441,Medium,unpaid invoices,2026-06-30
CUST000642,ACCT000642,0.727,High,account suspended,2026-06-30
CUST000643,ACCT000643,0.489,Medium,unpaid invoices,2026-06-30
CUST000644,ACCT000644,0.326,Medium,unpaid invoices,2026-06-30
CUST000645,ACCT000645,0.643,High,account suspended,2026-06-30
CUST000646,ACCT000646,0.234,Low,unpaid invoices,2026-06-30
CUST000647,ACCT000647,0.724,High,unpaid invoices,2026-06-30
CUST000648,ACCT000648,0.517,Medium,unpaid invoices,2026-06-30
CUST000649,ACCT000649,0.813,High,unpaid invoices,2026-06-30
CUST000650,ACCT000650,0.304,Medium,unpaid invoices,2026-06-30
CUST000651,ACCT000651,0.466,Medium,unpaid invoices,2026-06-30
CUST000652,ACCT000652,0.069,Low,stable account,2026-06-30
CUST000653,ACCT000653,0.492,Medium,unpaid invoices,2026-06-30
CUST000654,ACCT000654,0.165,Low,stable account,2026-06-30
CUST000655,ACCT000655,0.414,Medium,unpaid invoices,2026-06-30
CUST000656,ACCT000656,0.27,Low,unpaid invoices,2026-06-30
CUST000657,ACCT000657,0.655,High,account suspended,2026-06-30
CUST000658,ACCT000658,0.095,Low,stable account,2026-06-30
CUST000659,ACCT000659,0.15,Low,stable account,2026-06-30
CUST000660,ACCT000660,0.171,Low,stable account,2026-06-30
CUST000661,ACCT000661,0.286,Low,degraded service,2026-06-30
CUST000662,ACCT000662,0.224,Low,unpaid invoices,2026-06-30
CUST000663,ACCT000663,0.447,Medium,unpaid invoices,2026-06-30
CUST000664,ACCT000664,0.339,Medium,unpaid invoices,2026-06-30
CUST000665,ACCT000665,0.98,High,account suspended,2026-06-30
CUST000666,ACCT000666,0.285,Low,unpaid invoices,2026-06-30
CUST000667,ACCT000667,0.477,Medium,unpaid invoices,2026-06-30
CUST000668,ACCT000668,0.125,Low,stable account,2026-06-30
CUST000669,ACCT000669,0.345,Medium,low satisfaction,2026-06-30
CUST000670,ACCT000670,0.21,Low,unpaid invoices,2026-06-30
CUST000671,ACCT000671,0.086,Low,stable account,2026-06-30
CUST000672,ACCT000672,0.323,Medium,unpaid invoices,2026-06-30
CUST000673,ACCT000673,0.525,Medium,low satisfaction,2026-06-30
CUST000674,ACCT000674,0.655,High,unpaid invoices,2026-06-30
CUST000675,ACCT000675,0.13,Low,stable account,2026-06-30
CUST000676,ACCT000676,0.159,Low,stable account,2026-06-30
CUST000677,ACCT000677,0.131,Low,unpaid invoices,2026-06-30
CUST000678,ACCT000678,0.267,Low,unpaid invoices,2026-06-30
CUST000679,ACCT000679,0.14,Low,stable account,2026-06-30
CUST000680,ACCT000680,0.214,Low,unpaid invoices,2026-06-30
CUST000681,ACCT000681,0.204,Low,unpaid invoices,2026-06-30
CUST000682,ACCT000682,0.164,Low,stable account,2026-06-30
CUST000683,ACCT000683,0.391,Medium,unpaid invoices,2026-06-30
CUST000684,ACCT000684,0.209,Low,unpaid invoices,2026-06-30
CUST000685,ACCT000685,0.235,Low,unpaid invoices,2026-06-30
CUST000686,ACCT000686,0.432,Medium,unpaid invoices,2026-06-30
CUST000687,ACCT000687,0.1,Low,stable account,2026-06-30
CUST000688,ACCT000688,0.359,Medium,unpaid invoices,2026-06-30
CUST000689,ACCT000689,0.083,Low,stable account,2026-06-30
CUST000690,ACCT000690,0.431,Medium,low satisfaction,2026-06-30
CUST000691,ACCT000691,0.375,Medium,unpaid invoices,2026-06-30
CUST000692,ACCT000692,0.392,Medium,unpaid invoices,2026-06-30
CUST000693,ACCT000693,0.427,Medium,unpaid invoices,2026-06-30
CUST000694,ACCT000694,0.379,Medium,unpaid invoices,2026-06-30
CUST000695,ACCT000695,0.466,Medium,unpaid invoices,2026-06-30
CUST000696,ACCT000696,0.326,Medium,low satisfaction,2026-06-30
CUST000697,ACCT000697,0.146,Low,stable account,2026-06-30
CUST000698,ACCT000698,0.293,Low,degraded service,2026-06-30
CUST000699,ACCT000699,0.881,High,account suspended,2026-06-30
CUST000700,ACCT000700,0.257,Low,unpaid invoices,2026-06-30
CUST000701,ACCT000701,0.253,Low,unpaid invoices,2026-06-30
CUST000702,ACCT000702,0.122,Low,stable account,2026-06-30
CUST000703,ACCT000703,0.312,Medium,low satisfaction,2026-06-30
CUST000704,ACCT000704,0.05,Low,stable account,2026-06-30
CUST000705,ACCT000705,0.18,Low,unpaid invoices,2026-06-30
CUST000706,ACCT000706,0.437,Medium,unpaid invoices,2026-06-30
CUST000707,ACCT000707,0.377,Medium,unpaid invoices,2026-06-30
CUST000708,ACCT000708,0.47,Medium,cancellation intent,2026-06-30
CUST000709,ACCT000709,0.117,Low,stable account,2026-06-30
CUST000710,ACCT000710,0.124,Low,stable account,2026-06-30
CUST000711,ACCT000711,0.312,Medium,unpaid invoices,2026-06-30
CUST000712,ACCT000712,0.142,Low,stable account,2026-06-30
CUST000713,ACCT000713,0.371,Medium,unpaid invoices,2026-06-30
CUST000714,ACCT000714,0.224,Low,new/short tenure,2026-06-30
CUST000715,ACCT000715,0.336,Medium,unpaid invoices,2026-06-30
CUST000716,ACCT000716,0.908,High,account suspended,2026-06-30
CUST000717,ACCT000717,0.266,Low,new/short tenure,2026-06-30
CUST000718,ACCT000718,0.464,Medium,unpaid invoices,2026-06-30
CUST000719,ACCT000719,0.346,Medium,unpaid invoices,2026-06-30
CUST000720,ACCT000720,0.248,Low,unpaid invoices,2026-06-30
CUST000721,ACCT000721,0.129,Low,stable account,2026-06-30
CUST000722,ACCT000722,0.171,Low,unpaid invoices,2026-06-30
CUST000723,ACCT000723,0.676,High,account suspended,2026-06-30
CUST000724,ACCT000724,0.129,Low,stable account,2026-06-30
CUST000725,ACCT000725,0.173,Low,stable account,2026-06-30
CUST000726,ACCT000726,0.217,Low,unpaid invoices,2026-06-30
CUST000727,ACCT000727,0.378,Medium,unpaid invoices,2026-06-30
CUST000728,ACCT000728,0.325,Medium,unpaid invoices,2026-06-30
CUST000729,ACCT000729,0.358,Medium,unpaid invoices,2026-06-30
CUST000730,ACCT000730,0.17,Low,unpaid invoices,2026-06-30
CUST000731,ACCT000731,0.258,Low,unpaid invoices,2026-06-30
CUST000732,ACCT000732,0.172,Low,stable account,2026-06-30
CUST000733,ACCT000733,0.403,Medium,unpaid invoices,2026-06-30
CUST000734,ACCT000734,0.074,Low,stable account,2026-06-30
CUST000735,ACCT000735,0.299,Low,unpaid invoices,2026-06-30
CUST000736,ACCT000736,0.39,Medium,cancellation intent,2026-06-30
CUST000737,ACCT000737,0.259,Low,unpaid invoices,2026-06-30
CUST000738,ACCT000738,0.426,Medium,unpaid invoices,2026-06-30
CUST000739,ACCT000739,0.094,Low,stable account,2026-06-30
CUST000740,ACCT000740,0.313,Medium,degraded service,2026-06-30
CUST000741,ACCT000741,0.255,Low,unpaid invoices,2026-06-30
CUST000742,ACCT000742,0.426,Medium,unpaid invoices,2026-06-30
CUST000743,ACCT000743,0.385,Medium,unpaid invoices,2026-06-30
CUST000744,ACCT000744,0.13,Low,stable account,2026-06-30
CUST000745,ACCT000745,0.384,Medium,unpaid invoices,2026-06-30
CUST000746,ACCT000746,0.082,Low,stable account,2026-06-30
CUST000747,ACCT000747,0.317,Medium,degraded service,2026-06-30
CUST000748,ACCT000748,0.15,Low,unpaid invoices,2026-06-30
CUST000749,ACCT000749,0.194,Low,unpaid invoices,2026-06-30
CUST000750,ACCT000750,0.285,Low,unpaid invoices,2026-06-30
CUST000751,ACCT000751,0.127,Low,stable account,2026-06-30
CUST000752,ACCT000752,0.524,Medium,unpaid invoices,2026-06-30
CUST000753,ACCT000753,0.17,Low,unpaid invoices,2026-06-30
CUST000754,ACCT000754,0.25,Low,unpaid invoices,2026-06-30
CUST000755,ACCT000755,0.122,Low,stable account,2026-06-30
CUST000756,ACCT000756,0.309,Medium,low satisfaction,2026-06-30
CUST000757,ACCT000757,0.407,Medium,unpaid invoices,2026-06-30
CUST000758,ACCT000758,0.292,Low,unpaid invoices,2026-06-30
CUST000759,ACCT000759,0.258,Low,unpaid invoices,2026-06-30
CUST000760,ACCT000760,0.278,Low,low satisfaction,2026-06-30
CUST000761,ACCT000761,0.117,Low,stable account,2026-06-30
CUST000762,ACCT000762,0.149,Low,stable account,2026-06-30
CUST000763,ACCT000763,0.427,Medium,unpaid invoices,2026-06-30
CUST000764,ACCT000764,0.216,Low,unpaid invoices,2026-06-30
CUST000765,ACCT000765,0.535,Medium,unpaid invoices,2026-06-30
CUST000766,ACCT000766,0.242,Low,degraded service,2026-06-30
CUST000767,ACCT000767,0.466,Medium,degraded service,2026-06-30
CUST000768,ACCT000768,0.467,Medium,unpaid invoices,2026-06-30
CUST000769,ACCT000769,0.196,Low,unpaid invoices,2026-06-30
CUST000770,ACCT000770,0.081,Low,stable account,2026-06-30
CUST000771,ACCT000771,0.393,Medium,unpaid invoices,2026-06-30
CUST000772,ACCT000772,0.277,Low,unpaid invoices,2026-06-30
CUST000773,ACCT000773,0.124,Low,stable account,2026-06-30
CUST000774,ACCT000774,0.527,Medium,unpaid invoices,2026-06-30
CUST000775,ACCT000775,0.175,Low,unpaid invoices,2026-06-30
CUST000776,ACCT000776,0.424,Medium,unpaid invoices,2026-06-30
CUST000777,ACCT000777,0.291,Low,degraded service,2026-06-30
CUST000778,ACCT000778,0.326,Medium,cancellation intent,2026-06-30
CUST000779,ACCT000779,0.578,High,unpaid invoices,2026-06-30
CUST000780,ACCT000780,0.215,Low,unpaid invoices,2026-06-30
CUST000781,ACCT000781,0.5,Medium,degraded service,2026-06-30
CUST000782,ACCT000782,0.137,Low,stable account,2026-06-30
CUST000783,ACCT000783,0.922,High,unpaid invoices,2026-06-30
CUST000784,ACCT000784,0.439,Medium,unpaid invoices,2026-06-30
CUST000785,ACCT000785,0.144,Low,stable account,2026-06-30
CUST000786,ACCT000786,0.37,Medium,unpaid invoices,2026-06-30
CUST000787,ACCT000787,0.096,Low,stable account,2026-06-30
CUST000788,ACCT000788,0.446,Medium,unpaid invoices,2026-06-30
CUST000789,ACCT000789,0.071,Low,stable account,2026-06-30
CUST000790,ACCT000790,0.318,Medium,low satisfaction,2026-06-30
CUST000791,ACCT000791,0.278,Low,unpaid invoices,2026-06-30
CUST000792,ACCT000792,0.316,Medium,unpaid invoices,2026-06-30
CUST000793,ACCT000793,0.263,Low,unpaid invoices,2026-06-30
CUST000794,ACCT000794,0.088,Low,stable account,2026-06-30
CUST000795,ACCT000795,0.635,High,account suspended,2026-06-30
CUST000796,ACCT000796,0.173,Low,unpaid invoices,2026-06-30
CUST000797,ACCT000797,0.246,Low,unpaid invoices,2026-06-30
CUST000798,ACCT000798,0.28,Low,unpaid invoices,2026-06-30
CUST000799,ACCT000799,0.244,Low,unpaid invoices,2026-06-30
CUST000800,ACCT000800,0.171,Low,unpaid invoices,2026-06-30
CUST000801,ACCT000801,0.253,Low,unpaid invoices,2026-06-30
CUST000802,ACCT000802,0.073,Low,stable account,2026-06-30
CUST000803,ACCT000803,0.113,Low,stable account,2026-06-30
CUST000804,ACCT000804,0.313,Medium,low satisfaction,2026-06-30
CUST000805,ACCT000805,0.568,High,unpaid invoices,2026-06-30
CUST000806,ACCT000806,0.075,Low,stable account,2026-06-30
CUST000807,ACCT000807,0.258,Low,unpaid invoices,2026-06-30
CUST000808,ACCT000808,0.125,Low,stable account,2026-06-30
CUST000809,ACCT000809,0.533,Medium,unpaid invoices,2026-06-30
CUST000810,ACCT000810,0.208,Low,unpaid invoices,2026-06-30
CUST000811,ACCT000811,0.175,Low,unpaid invoices,2026-06-30
CUST000812,ACCT000812,0.123,Low,stable account,2026-06-30
CUST000813,ACCT000813,0.195,Low,unpaid invoices,2026-06-30
CUST000814,ACCT000814,0.279,Low,cancellation intent,2026-06-30
CUST000815,ACCT000815,0.408,Medium,unpaid invoices,2026-06-30
CUST000816,ACCT000816,0.525,Medium,unpaid invoices,2026-06-30
CUST000817,ACCT000817,0.728,High,account suspended,2026-06-30
CUST000818,ACCT000818,0.082,Low,stable account,2026-06-30
CUST000819,ACCT000819,0.581,High,unpaid invoices,2026-06-30
CUST000820,ACCT000820,0.616,High,account suspended,2026-06-30
CUST000821,ACCT000821,0.298,Low,unpaid invoices,2026-06-30
CUST000822,ACCT000822,0.074,Low,stable account,2026-06-30
CUST000823,ACCT000823,0.097,Low,stable account,2026-06-30
CUST000824,ACCT000824,0.11,Low,stable account,2026-06-30
CUST000825,ACCT000825,0.248,Low,unpaid invoices,2026-06-30
CUST000826,ACCT000826,0.084,Low,stable account,2026-06-30
CUST000827,ACCT000827,0.077,Low,stable account,2026-06-30
CUST000828,ACCT000828,0.504,Medium,unpaid invoices,2026-06-30
CUST000829,ACCT000829,0.357,Medium,unpaid invoices,2026-06-30
CUST000830,ACCT000830,0.418,Medium,cancellation intent,2026-06-30
CUST000831,ACCT000831,0.284,Low,unpaid invoices,2026-06-30
CUST000832,ACCT000832,0.124,Low,unpaid invoices,2026-06-30
CUST000833,ACCT000833,0.118,Low,stable account,2026-06-30
CUST000834,ACCT000834,0.132,Low,unpaid invoices,2026-06-30
CUST000835,ACCT000835,0.362,Medium,unpaid invoices,2026-06-30
CUST000836,ACCT000836,0.201,Low,new/short tenure,2026-06-30
CUST000837,ACCT000837,0.188,Low,unpaid invoices,2026-06-30
CUST000838,ACCT000838,0.268,Low,unpaid invoices,2026-06-30
CUST000839,ACCT000839,0.702,High,account suspended,2026-06-30
CUST000840,ACCT000840,0.42,Medium,unpaid invoices,2026-06-30
CUST000841,ACCT000841,0.133,Low,unpaid invoices,2026-06-30
CUST000842,ACCT000842,0.479,Medium,unpaid invoices,2026-06-30
CUST000843,ACCT000843,0.043,Low,stable account,2026-06-30
CUST000844,ACCT000844,0.487,Medium,unpaid invoices,2026-06-30
CUST000845,ACCT000845,0.071,Low,stable account,2026-06-30
CUST000846,ACCT000846,0.212,Low,unpaid invoices,2026-06-30
CUST000847,ACCT000847,0.215,Low,unpaid invoices,2026-06-30
CUST000848,ACCT000848,0.474,Medium,unpaid invoices,2026-06-30
CUST000849,ACCT000849,0.438,Medium,unpaid invoices,2026-06-30
CUST000850,ACCT000850,0.28,Low,unpaid invoices,2026-06-30
CUST000851,ACCT000851,0.242,Low,unpaid invoices,2026-06-30
CUST000852,ACCT000852,0.121,Low,stable account,2026-06-30
CUST000853,ACCT000853,0.211,Low,unpaid invoices,2026-06-30
CUST000854,ACCT000854,0.224,Low,unpaid invoices,2026-06-30
CUST000855,ACCT000855,0.278,Low,cancellation intent,2026-06-30
CUST000856,ACCT000856,0.137,Low,unpaid invoices,2026-06-30
CUST000857,ACCT000857,0.39,Medium,unpaid invoices,2026-06-30
CUST000858,ACCT000858,0.671,High,account suspended,2026-06-30
CUST000859,ACCT000859,0.36,Medium,cancellation intent,2026-06-30
CUST000860,ACCT000860,0.227,Low,unpaid invoices,2026-06-30
CUST000861,ACCT000861,0.121,Low,stable account,2026-06-30
CUST000862,ACCT000862,0.349,Medium,cancellation intent,2026-06-30
CUST000863,ACCT000863,0.08,Low,stable account,2026-06-30
CUST000864,ACCT000864,0.742,High,unpaid invoices,2026-06-30
CUST000865,ACCT000865,0.436,Medium,unpaid invoices,2026-06-30
CUST000866,ACCT000866,0.495,Medium,unpaid invoices,2026-06-30
CUST000867,ACCT000867,0.331,Medium,unpaid invoices,2026-06-30
CUST000868,ACCT000868,0.372,Medium,degraded service,2026-06-30
CUST000869,ACCT000869,0.335,Medium,unpaid invoices,2026-06-30
CUST000870,ACCT000870,0.628,High,unpaid invoices,2026-06-30
CUST000871,ACCT000871,0.2,Low,unpaid invoices,2026-06-30
CUST000872,ACCT000872,0.105,Low,stable account,2026-06-30
CUST000873,ACCT000873,0.325,Medium,unpaid invoices,2026-06-30
CUST000874,ACCT000874,0.366,Medium,unpaid invoices,2026-06-30
CUST000875,ACCT000875,0.375,Medium,unpaid invoices,2026-06-30
CUST000876,ACCT000876,0.174,Low,unpaid invoices,2026-06-30
CUST000877,ACCT000877,0.304,Medium,unpaid invoices,2026-06-30
CUST000878,ACCT000878,0.645,High,unpaid invoices,2026-06-30
CUST000879,ACCT000879,0.231,Low,new/short tenure,2026-06-30
CUST000880,ACCT000880,0.355,Medium,cancellation intent,2026-06-30
CUST000881,ACCT000881,0.618,High,unpaid invoices,2026-06-30
CUST000882,ACCT000882,0.136,Low,stable account,2026-06-30
CUST000883,ACCT000883,0.192,Low,new/short tenure,2026-06-30
CUST000884,ACCT000884,0.172,Low,unpaid invoices,2026-06-30
CUST000885,ACCT000885,0.228,Low,unpaid invoices,2026-06-30
CUST000886,ACCT000886,0.328,Medium,low satisfaction,2026-06-30
CUST000887,ACCT000887,0.369,Medium,unpaid invoices,2026-06-30
CUST000888,ACCT000888,0.118,Low,stable account,2026-06-30
CUST000889,ACCT000889,0.513,Medium,unpaid invoices,2026-06-30
CUST000890,ACCT000890,0.144,Low,stable account,2026-06-30
CUST000891,ACCT000891,0.257,Low,unpaid invoices,2026-06-30
CUST000892,ACCT000892,0.344,Medium,unpaid invoices,2026-06-30
CUST000893,ACCT000893,0.418,Medium,unpaid invoices,2026-06-30
CUST000894,ACCT000894,0.215,Low,unpaid invoices,2026-06-30
CUST000895,ACCT000895,0.151,Low,stable account,2026-06-30
CUST000896,ACCT000896,0.354,Medium,unpaid invoices,2026-06-30
CUST000897,ACCT000897,0.18,Low,stable account,2026-06-30
CUST000898,ACCT000898,0.652,High,account suspended,2026-06-30
CUST000899,ACCT000899,0.086,Low,stable account,2026-06-30
CUST000900,ACCT000900,0.423,Medium,unpaid invoices,2026-06-30
CUST000901,ACCT000901,0.22,Low,new/short tenure,2026-06-30
CUST000902,ACCT000902,0.243,Low,unpaid invoices,2026-06-30
CUST000903,ACCT000903,0.129,Low,stable account,2026-06-30
CUST000904,ACCT000904,0.107,Low,stable account,2026-06-30
CUST000905,ACCT000905,0.414,Medium,unpaid invoices,2026-06-30
CUST000906,ACCT000906,0.376,Medium,unpaid invoices,2026-06-30
CUST000907,ACCT000907,0.076,Low,stable account,2026-06-30
CUST000908,ACCT000908,0.376,Medium,unpaid invoices,2026-06-30
CUST000909,ACCT000909,0.128,Low,stable account,2026-06-30
CUST000910,ACCT000910,0.473,Medium,cancellation intent,2026-06-30
CUST000911,ACCT000911,0.38,Medium,cancellation intent,2026-06-30
CUST000912,ACCT000912,0.087,Low,stable account,2026-06-30
CUST000913,ACCT000913,0.159,Low,stable account,2026-06-30
CUST000914,ACCT000914,0.337,Medium,cancellation intent,2026-06-30
CUST000915,ACCT000915,0.22,Low,unpaid invoices,2026-06-30
CUST000916,ACCT000916,0.207,Low,unpaid invoices,2026-06-30
CUST000917,ACCT000917,0.124,Low,stable account,2026-06-30
CUST000918,ACCT000918,0.559,High,unpaid invoices,2026-06-30
CUST000919,ACCT000919,0.111,Low,stable account,2026-06-30
CUST000920,ACCT000920,0.052,Low,stable account,2026-06-30
CUST000921,ACCT000921,0.71,High,unpaid invoices,2026-06-30
CUST000922,ACCT000922,0.182,Low,unpaid invoices,2026-06-30
CUST000923,ACCT000923,0.114,Low,stable account,2026-06-30
CUST000924,ACCT000924,0.277,Low,unpaid invoices,2026-06-30
CUST000925,ACCT000925,0.324,Medium,unpaid invoices,2026-06-30
CUST000926,ACCT000926,0.179,Low,unpaid invoices,2026-06-30
CUST000927,ACCT000927,0.708,High,unpaid invoices,2026-06-30
CUST000928,ACCT000928,0.292,Low,unpaid invoices,2026-06-30
CUST000929,ACCT000929,0.431,Medium,unpaid invoices,2026-06-30
CUST000930,ACCT000930,0.276,Low,unpaid invoices,2026-06-30
CUST000931,ACCT000931,0.139,Low,stable account,2026-06-30
CUST000932,ACCT000932,0.136,Low,stable account,2026-06-30
CUST000933,ACCT000933,0.268,Low,unpaid invoices,2026-06-30
CUST000934,ACCT000934,0.295,Low,low satisfaction,2026-06-30
CUST000935,ACCT000935,0.197,Low,unpaid invoices,2026-06-30
CUST000936,ACCT000936,0.344,Medium,unpaid invoices,2026-06-30
CUST000937,ACCT000937,0.431,Medium,unpaid invoices,2026-06-30
CUST000938,ACCT000938,0.793,High,unpaid invoices,2026-06-30
CUST000939,ACCT000939,0.091,Low,stable account,2026-06-30
CUST000940,ACCT000940,0.524,Medium,unpaid invoices,2026-06-30
CUST000941,ACCT000941,0.402,Medium,unpaid invoices,2026-06-30
CUST000942,ACCT000942,0.394,Medium,low satisfaction,2026-06-30
CUST000943,ACCT000943,0.378,Medium,low satisfaction,2026-06-30
CUST000944,ACCT000944,0.263,Low,unpaid invoices,2026-06-30
CUST000945,ACCT000945,0.121,Low,stable account,2026-06-30
CUST000946,ACCT000946,0.102,Low,stable account,2026-06-30
CUST000947,ACCT000947,0.029,Low,stable account,2026-06-30
CUST000948,ACCT000948,0.118,Low,stable account,2026-06-30
CUST000949,ACCT000949,0.109,Low,stable account,2026-06-30
CUST000950,ACCT000950,0.423,Medium,degraded service,2026-06-30
CUST000951,ACCT000951,0.59,High,account suspended,2026-06-30
CUST000952,ACCT000952,0.09,Low,stable account,2026-06-30
CUST000953,ACCT000953,0.028,Low,stable account,2026-06-30
CUST000954,ACCT000954,0.097,Low,stable account,2026-06-30
CUST000955,ACCT000955,0.392,Medium,unpaid invoices,2026-06-30
CUST000956,ACCT000956,0.527,Medium,unpaid invoices,2026-06-30
CUST000957,ACCT000957,0.092,Low,stable account,2026-06-30
CUST000958,ACCT000958,0.321,Medium,degraded service,2026-06-30
CUST000959,ACCT000959,0.173,Low,unpaid invoices,2026-06-30
CUST000960,ACCT000960,0.116,Low,stable account,2026-06-30
CUST000961,ACCT000961,0.323,Medium,unpaid invoices,2026-06-30
CUST000962,ACCT000962,0.639,High,unpaid invoices,2026-06-30
CUST000963,ACCT000963,0.302,Medium,unpaid invoices,2026-06-30
CUST000964,ACCT000964,0.23,Low,unpaid invoices,2026-06-30
CUST000965,ACCT000965,0.083,Low,stable account,2026-06-30
CUST000966,ACCT000966,0.217,Low,unpaid invoices,2026-06-30
CUST000967,ACCT000967,0.619,High,unpaid invoices,2026-06-30
CUST000968,ACCT000968,0.424,Medium,unpaid invoices,2026-06-30
CUST000969,ACCT000969,0.068,Low,stable account,2026-06-30
CUST000970,ACCT000970,0.134,Low,stable account,2026-06-30
CUST000971,ACCT000971,0.156,Low,stable account,2026-06-30
CUST000972,ACCT000972,0.171,Low,unpaid invoices,2026-06-30
CUST000973,ACCT000973,0.566,High,unpaid invoices,2026-06-30
CUST000974,ACCT000974,0.98,High,account suspended,2026-06-30
CUST000975,ACCT000975,0.238,Low,unpaid invoices,2026-06-30
CUST000976,ACCT000976,0.073,Low,stable account,2026-06-30
CUST000977,ACCT000977,0.456,Medium,unpaid invoices,2026-06-30
CUST000978,ACCT000978,0.302,Medium,unpaid invoices,2026-06-30
CUST000979,ACCT000979,0.365,Medium,degraded service,2026-06-30
CUST000980,ACCT000980,0.689,High,account suspended,2026-06-30
CUST000981,ACCT000981,0.533,Medium,account suspended,2026-06-30
CUST000982,ACCT000982,0.129,Low,stable account,2026-06-30
CUST000983,ACCT000983,0.127,Low,unpaid invoices,2026-06-30
CUST000984,ACCT000984,0.275,Low,unpaid invoices,2026-06-30
CUST000985,ACCT000985,0.315,Medium,unpaid invoices,2026-06-30
CUST000986,ACCT000986,0.294,Low,degraded service,2026-06-30
CUST000987,ACCT000987,0.348,Medium,unpaid invoices,2026-06-30
CUST000988,ACCT000988,0.663,High,account suspended,2026-06-30
CUST000989,ACCT000989,0.083,Low,stable account,2026-06-30
CUST000990,ACCT000990,0.202,Low,unpaid invoices,2026-06-30
CUST000991,ACCT000991,0.07,Low,stable account,2026-06-30
CUST000992,ACCT000992,0.209,Low,unpaid invoices,2026-06-30
CUST000993,ACCT000993,0.378,Medium,low satisfaction,2026-06-30
CUST000994,ACCT000994,0.516,Medium,unpaid invoices,2026-06-30
CUST000995,ACCT000995,0.079,Low,stable account,2026-06-30
CUST000996,ACCT000996,0.308,Medium,low satisfaction,2026-06-30
CUST000997,ACCT000997,0.346,Medium,degraded service,2026-06-30
CUST000998,ACCT000998,0.082,Low,stable account,2026-06-30
CUST000999,ACCT000999,0.268,Low,new/short tenure,2026-06-30
CUST001000,ACCT001000,0.105,Low,stable account,2026-06-30
