event_id,customer_id,account_id,geo_id,event_time,outage_type,severity,status,affected_service,duration_minutes,restored_time,reported_by_customer
OEV000000000001,CUST000005,ACCT000005,GEO000008,2026-06-28 03:15:00,Equipment failure,Critical,Resolved,Internet,77.0,2026-06-28 04:32:00,True
OEV000000000002,CUST000005,ACCT000005,GEO000008,2026-05-09 09:55:00,Equipment failure,Critical,Resolved,Mobile,53.5,2026-05-09 10:48:30,True
OEV000000000003,CUST000009,ACCT000009,GEO000053,2026-05-01 09:57:00,Congestion,Major,Resolved,Internet,118.0,2026-05-01 11:55:00,False
OEV000000000004,CUST000018,ACCT000018,GEO000001,2026-05-25 19:58:00,Power loss,Minor,Resolved,TV,197.9,2026-05-25 23:15:54,False
OEV000000000005,CUST000018,ACCT000018,GEO000001,2026-06-13 03:28:00,Equipment failure,Minor,Resolved,Internet,82.9,2026-06-13 04:50:54,True
OEV000000000006,CUST000022,ACCT000022,GEO000008,2026-06-26 05:21:00,Power loss,Minor,Resolved,Internet,121.1,2026-06-26 07:22:06,True
OEV000000000007,CUST000028,ACCT000028,GEO000003,2026-05-02 19:24:00,Congestion,Minor,Resolved,Internet,29.2,2026-05-02 19:53:12,True
OEV000000000008,CUST000029,ACCT000029,GEO000013,2026-05-22 11:52:00,Equipment failure,Critical,Resolved,Internet,94.9,2026-05-22 13:26:54,False
OEV000000000009,CUST000035,ACCT000035,GEO000008,2026-06-20 18:24:00,Weather,Major,Resolved,Mobile,153.6,2026-06-20 20:57:36,True
OEV000000000010,CUST000035,ACCT000035,GEO000008,2026-05-30 07:17:00,Congestion,Minor,Restoring,TV,148.1,,False
OEV000000000011,CUST000037,ACCT000037,GEO000006,2026-05-06 14:40:00,Power loss,Critical,Investigating,Mobile,35.3,,False
OEV000000000012,CUST000037,ACCT000037,GEO000006,2026-05-24 00:07:00,Weather,Major,Resolved,Mobile,325.6,2026-05-24 05:32:36,True
OEV000000000013,CUST000038,ACCT000038,GEO000008,2026-05-20 02:59:00,Equipment failure,Minor,Resolved,Internet,195.2,2026-05-20 06:14:12,True
OEV000000000014,CUST000050,ACCT000050,GEO000008,2026-05-26 23:19:00,Congestion,Minor,Resolved,Internet,70.6,2026-05-27 00:29:36,True
OEV000000000015,CUST000052,ACCT000052,GEO000018,2026-06-29 04:55:00,Equipment failure,Major,Resolved,Internet,193.1,2026-06-29 08:08:06,True
OEV000000000016,CUST000052,ACCT000052,GEO000018,2026-05-24 07:01:00,Weather,Minor,Resolved,Internet,19.6,2026-05-24 07:20:36,False
OEV000000000017,CUST000059,ACCT000059,GEO000007,2026-05-15 23:27:00,Equipment failure,Minor,Detected,Internet,86.0,,False
OEV000000000018,CUST000060,ACCT000060,GEO000036,2026-05-31 16:48:00,Power loss,Minor,Resolved,Mobile,161.7,2026-05-31 19:29:42,False
OEV000000000019,CUST000069,ACCT000069,GEO000027,2026-05-06 00:53:00,Weather,Minor,Resolved,Internet,179.1,2026-05-06 03:52:06,False
OEV000000000020,CUST000069,ACCT000069,GEO000027,2026-06-05 22:59:00,Power loss,Minor,Resolved,Internet,79.7,2026-06-06 00:18:42,True
OEV000000000021,CUST000075,ACCT000075,GEO000036,2026-06-27 09:25:00,Equipment failure,Major,Resolved,Internet,62.1,2026-06-27 10:27:06,True
OEV000000000022,CUST000075,ACCT000075,GEO000036,2026-05-25 23:03:00,Fiber cut,Minor,Resolved,Internet,34.1,2026-05-25 23:37:06,False
OEV000000000023,CUST000084,ACCT000084,GEO000020,2026-05-23 06:39:00,Power loss,Minor,Resolved,Internet,70.0,2026-05-23 07:49:00,True
OEV000000000024,CUST000084,ACCT000084,GEO000020,2026-05-19 23:07:00,Fiber cut,Major,Resolved,Internet,122.7,2026-05-20 01:09:42,True
OEV000000000025,CUST000085,ACCT000085,GEO000024,2026-05-05 09:20:00,Fiber cut,Critical,Resolved,Mobile,46.9,2026-05-05 10:06:54,False
OEV000000000026,CUST000086,ACCT000086,GEO000054,2026-06-11 11:37:00,Power loss,Major,Resolved,Internet,55.8,2026-06-11 12:32:48,False
OEV000000000027,CUST000086,ACCT000086,GEO000054,2026-05-19 20:52:00,Weather,Minor,Resolved,Internet,53.5,2026-05-19 21:45:30,True
OEV000000000028,CUST000089,ACCT000089,GEO000009,2026-05-18 10:35:00,Weather,Major,Resolved,Internet,15.2,2026-05-18 10:50:12,True
OEV000000000029,CUST000091,ACCT000091,GEO000036,2026-05-14 01:52:00,Equipment failure,Major,Resolved,Internet,118.1,2026-05-14 03:50:06,True
OEV000000000030,CUST000094,ACCT000094,GEO000022,2026-05-28 03:34:00,Equipment failure,Minor,Resolved,Internet,150.1,2026-05-28 06:04:06,True
OEV000000000031,CUST000094,ACCT000094,GEO000022,2026-05-13 10:15:00,Fiber cut,Minor,Resolved,Internet,198.6,2026-05-13 13:33:36,True
OEV000000000032,CUST000098,ACCT000098,GEO000008,2026-06-04 04:36:00,Power loss,Major,Resolved,Internet,40.8,2026-06-04 05:16:48,True
OEV000000000033,CUST000098,ACCT000098,GEO000008,2026-05-23 01:21:00,Fiber cut,Major,Resolved,Internet,40.7,2026-05-23 02:01:42,True
OEV000000000034,CUST000099,ACCT000099,GEO000051,2026-05-02 02:55:00,Equipment failure,Minor,Restoring,Internet,177.7,,True
OEV000000000035,CUST000107,ACCT000107,GEO000060,2026-05-02 12:59:00,Equipment failure,Minor,Detected,Internet,112.9,,True
OEV000000000036,CUST000109,ACCT000109,GEO000014,2026-06-06 03:44:00,Equipment failure,Minor,Resolved,Internet,76.6,2026-06-06 05:00:36,False
OEV000000000037,CUST000109,ACCT000109,GEO000014,2026-05-13 16:17:00,Power loss,Critical,Resolved,Internet,48.2,2026-05-13 17:05:12,False
OEV000000000038,CUST000112,ACCT000112,GEO000029,2026-06-18 06:05:00,Power loss,Major,Resolved,Mobile,146.4,2026-06-18 08:31:24,True
OEV000000000039,CUST000112,ACCT000112,GEO000029,2026-06-27 21:09:00,Power loss,Minor,Resolved,Mobile,228.3,2026-06-28 00:57:18,False
OEV000000000040,CUST000115,ACCT000115,GEO000017,2026-05-15 00:39:00,Power loss,Major,Resolved,Internet,36.2,2026-05-15 01:15:12,True
OEV000000000041,CUST000119,ACCT000119,GEO000029,2026-06-01 15:14:00,Weather,Major,Resolved,Internet,98.8,2026-06-01 16:52:48,False
OEV000000000042,CUST000119,ACCT000119,GEO000029,2026-06-19 22:20:00,Weather,Minor,Resolved,TV,6.4,2026-06-19 22:26:24,True
OEV000000000043,CUST000123,ACCT000123,GEO000031,2026-05-01 08:22:00,Power loss,Major,Resolved,Internet,133.8,2026-05-01 10:35:48,False
OEV000000000044,CUST000123,ACCT000123,GEO000031,2026-06-22 18:38:00,Congestion,Major,Resolved,Internet,15.7,2026-06-22 18:53:42,False
OEV000000000045,CUST000125,ACCT000125,GEO000054,2026-06-18 18:21:00,Weather,Major,Resolved,Internet,116.6,2026-06-18 20:17:36,True
OEV000000000046,CUST000125,ACCT000125,GEO000054,2026-05-31 12:52:00,Power loss,Minor,Resolved,Internet,56.6,2026-05-31 13:48:36,True
OEV000000000047,CUST000128,ACCT000128,GEO000043,2026-05-29 00:27:00,Fiber cut,Minor,Resolved,Internet,99.0,2026-05-29 02:06:00,False
OEV000000000048,CUST000128,ACCT000128,GEO000043,2026-06-06 06:50:00,Weather,Minor,Resolved,Internet,89.1,2026-06-06 08:19:06,True
OEV000000000049,CUST000129,ACCT000129,GEO000030,2026-06-24 08:14:00,Power loss,Critical,Resolved,Mobile,28.3,2026-06-24 08:42:18,True
OEV000000000050,CUST000129,ACCT000129,GEO000030,2026-05-01 06:40:00,Congestion,Minor,Resolved,Internet,63.3,2026-05-01 07:43:18,False
OEV000000000051,CUST000131,ACCT000131,GEO000018,2026-05-11 04:18:00,Power loss,Critical,Detected,Internet,40.0,,False
OEV000000000052,CUST000131,ACCT000131,GEO000018,2026-06-21 12:25:00,Fiber cut,Critical,Resolved,Mobile,250.1,2026-06-21 16:35:06,True
OEV000000000053,CUST000136,ACCT000136,GEO000009,2026-05-31 07:48:00,Fiber cut,Minor,Resolved,Internet,12.6,2026-05-31 08:00:36,True
OEV000000000054,CUST000136,ACCT000136,GEO000009,2026-05-02 01:40:00,Congestion,Critical,Investigating,Mobile,145.7,,False
OEV000000000055,CUST000138,ACCT000138,GEO000060,2026-06-18 08:33:00,Equipment failure,Minor,Resolved,Internet,93.2,2026-06-18 10:06:12,False
OEV000000000056,CUST000140,ACCT000140,GEO000021,2026-06-18 09:47:00,Equipment failure,Minor,Resolved,Mobile,80.6,2026-06-18 11:07:36,False
OEV000000000057,CUST000140,ACCT000140,GEO000021,2026-05-28 09:32:00,Congestion,Major,Detected,Internet,105.2,,False
OEV000000000058,CUST000149,ACCT000149,GEO000008,2026-05-31 16:26:00,Fiber cut,Major,Resolved,Internet,57.7,2026-05-31 17:23:42,False
OEV000000000059,CUST000149,ACCT000149,GEO000008,2026-06-10 04:43:00,Weather,Critical,Resolved,Mobile,108.9,2026-06-10 06:31:54,True
OEV000000000060,CUST000150,ACCT000150,GEO000014,2026-06-15 20:10:00,Power loss,Major,Resolved,Internet,149.0,2026-06-15 22:39:00,True
OEV000000000061,CUST000150,ACCT000150,GEO000014,2026-06-13 18:50:00,Congestion,Major,Resolved,Internet,86.0,2026-06-13 20:16:00,True
OEV000000000062,CUST000153,ACCT000153,GEO000024,2026-06-01 21:36:00,Fiber cut,Minor,Resolved,Internet,35.0,2026-06-01 22:11:00,False
OEV000000000063,CUST000153,ACCT000153,GEO000024,2026-06-14 18:04:00,Weather,Minor,Resolved,Internet,160.8,2026-06-14 20:44:48,False
OEV000000000064,CUST000155,ACCT000155,GEO000057,2026-06-12 01:30:00,Congestion,Minor,Resolved,Internet,202.1,2026-06-12 04:52:06,False
OEV000000000065,CUST000155,ACCT000155,GEO000057,2026-05-08 13:44:00,Weather,Major,Resolved,Internet,196.6,2026-05-08 17:00:36,True
OEV000000000066,CUST000161,ACCT000161,GEO000045,2026-05-11 02:59:00,Weather,Major,Resolved,TV,40.3,2026-05-11 03:39:18,False
OEV000000000067,CUST000164,ACCT000164,GEO000036,2026-06-16 04:58:00,Power loss,Major,Resolved,Internet,12.0,2026-06-16 05:10:00,False
OEV000000000068,CUST000175,ACCT000175,GEO000053,2026-06-13 02:27:00,Fiber cut,Minor,Resolved,Internet,18.2,2026-06-13 02:45:12,False
OEV000000000069,CUST000175,ACCT000175,GEO000053,2026-05-09 04:06:00,Weather,Minor,Resolved,Internet,129.9,2026-05-09 06:15:54,True
OEV000000000070,CUST000176,ACCT000176,GEO000040,2026-06-21 19:05:00,Fiber cut,Minor,Resolved,Internet,73.7,2026-06-21 20:18:42,False
OEV000000000071,CUST000177,ACCT000177,GEO000029,2026-05-27 17:31:00,Congestion,Minor,Resolved,Internet,25.2,2026-05-27 17:56:12,False
OEV000000000072,CUST000183,ACCT000183,GEO000030,2026-06-08 10:16:00,Power loss,Minor,Resolved,Internet,72.5,2026-06-08 11:28:30,True
OEV000000000073,CUST000188,ACCT000188,GEO000032,2026-06-02 23:26:00,Power loss,Major,Resolved,Internet,87.9,2026-06-03 00:53:54,False
OEV000000000074,CUST000193,ACCT000193,GEO000048,2026-05-01 00:51:00,Power loss,Minor,Resolved,Internet,62.2,2026-05-01 01:53:12,True
OEV000000000075,CUST000193,ACCT000193,GEO000048,2026-06-15 22:31:00,Equipment failure,Major,Resolved,Mobile,112.1,2026-06-16 00:23:06,True
OEV000000000076,CUST000195,ACCT000195,GEO000016,2026-05-28 22:33:00,Congestion,Minor,Resolved,Internet,32.9,2026-05-28 23:05:54,True
OEV000000000077,CUST000196,ACCT000196,GEO000030,2026-05-22 22:59:00,Weather,Minor,Resolved,Internet,62.1,2026-05-23 00:01:06,True
OEV000000000078,CUST000196,ACCT000196,GEO000030,2026-06-21 02:37:00,Fiber cut,Minor,Resolved,Internet,46.0,2026-06-21 03:23:00,True
OEV000000000079,CUST000204,ACCT000204,GEO000059,2026-05-01 15:02:00,Power loss,Major,Resolved,Internet,54.5,2026-05-01 15:56:30,True
OEV000000000080,CUST000204,ACCT000204,GEO000059,2026-06-19 17:33:00,Congestion,Minor,Resolved,Internet,84.8,2026-06-19 18:57:48,False
OEV000000000081,CUST000205,ACCT000205,GEO000038,2026-06-06 20:15:00,Equipment failure,Critical,Resolved,Internet,18.3,2026-06-06 20:33:18,True
OEV000000000082,CUST000205,ACCT000205,GEO000038,2026-06-12 20:44:00,Fiber cut,Major,Resolved,Internet,66.5,2026-06-12 21:50:30,True
OEV000000000083,CUST000207,ACCT000207,GEO000012,2026-06-24 19:31:00,Fiber cut,Major,Resolved,Internet,51.5,2026-06-24 20:22:30,False
OEV000000000084,CUST000209,ACCT000209,GEO000052,2026-05-31 12:15:00,Congestion,Major,Resolved,TV,95.2,2026-05-31 13:50:12,True
OEV000000000085,CUST000217,ACCT000217,GEO000032,2026-06-15 22:50:00,Fiber cut,Critical,Resolved,Internet,58.3,2026-06-15 23:48:18,False
OEV000000000086,CUST000218,ACCT000218,GEO000034,2026-06-11 23:00:00,Equipment failure,Minor,Detected,Internet,72.6,,False
OEV000000000087,CUST000218,ACCT000218,GEO000034,2026-06-17 22:29:00,Equipment failure,Minor,Resolved,Internet,38.9,2026-06-17 23:07:54,False
OEV000000000088,CUST000222,ACCT000222,GEO000029,2026-05-23 13:20:00,Congestion,Minor,Resolved,Internet,210.5,2026-05-23 16:50:30,False
OEV000000000089,CUST000222,ACCT000222,GEO000029,2026-06-11 10:21:00,Congestion,Critical,Resolved,Internet,92.7,2026-06-11 11:53:42,False
OEV000000000090,CUST000227,ACCT000227,GEO000042,2026-05-08 15:46:00,Power loss,Major,Resolved,Internet,4.0,2026-05-08 15:50:00,False
OEV000000000091,CUST000227,ACCT000227,GEO000042,2026-06-14 21:54:00,Weather,Major,Resolved,Internet,41.5,2026-06-14 22:35:30,False
OEV000000000092,CUST000230,ACCT000230,GEO000018,2026-06-19 21:21:00,Fiber cut,Minor,Restoring,Internet,12.2,,False
OEV000000000093,CUST000230,ACCT000230,GEO000018,2026-05-31 11:24:00,Weather,Minor,Resolved,Internet,167.7,2026-05-31 14:11:42,False
OEV000000000094,CUST000231,ACCT000231,GEO000045,2026-06-11 16:44:00,Congestion,Minor,Resolved,Internet,83.1,2026-06-11 18:07:06,False
OEV000000000095,CUST000231,ACCT000231,GEO000045,2026-05-02 22:55:00,Congestion,Major,Resolved,Internet,59.9,2026-05-02 23:54:54,False
OEV000000000096,CUST000239,ACCT000239,GEO000015,2026-06-28 08:11:00,Equipment failure,Minor,Resolved,Internet,47.9,2026-06-28 08:58:54,False
OEV000000000097,CUST000240,ACCT000240,GEO000026,2026-06-14 06:08:00,Congestion,Major,Resolved,Internet,48.1,2026-06-14 06:56:06,True
OEV000000000098,CUST000240,ACCT000240,GEO000026,2026-06-17 18:28:00,Fiber cut,Major,Resolved,Internet,26.7,2026-06-17 18:54:42,False
OEV000000000099,CUST000244,ACCT000244,GEO000005,2026-06-15 17:09:00,Congestion,Minor,Resolved,Internet,91.1,2026-06-15 18:40:06,False
OEV000000000100,CUST000253,ACCT000253,GEO000030,2026-06-22 02:30:00,Congestion,Minor,Resolved,Internet,82.6,2026-06-22 03:52:36,True
OEV000000000101,CUST000253,ACCT000253,GEO000030,2026-06-24 09:01:00,Fiber cut,Minor,Resolved,Internet,42.7,2026-06-24 09:43:42,False
OEV000000000102,CUST000258,ACCT000258,GEO000021,2026-05-13 14:14:00,Equipment failure,Major,Resolved,Internet,77.2,2026-05-13 15:31:12,True
OEV000000000103,CUST000258,ACCT000258,GEO000021,2026-06-14 08:02:00,Weather,Minor,Resolved,Internet,20.3,2026-06-14 08:22:18,True
OEV000000000104,CUST000259,ACCT000259,GEO000001,2026-05-10 07:52:00,Power loss,Major,Resolved,Internet,121.1,2026-05-10 09:53:06,True
OEV000000000105,CUST000261,ACCT000261,GEO000023,2026-05-11 11:39:00,Congestion,Major,Resolved,Internet,43.0,2026-05-11 12:22:00,False
OEV000000000106,CUST000264,ACCT000264,GEO000035,2026-05-12 16:34:00,Equipment failure,Minor,Resolved,Internet,79.2,2026-05-12 17:53:12,True
OEV000000000107,CUST000266,ACCT000266,GEO000038,2026-06-16 22:38:00,Fiber cut,Minor,Resolved,Mobile,135.3,2026-06-17 00:53:18,False
OEV000000000108,CUST000266,ACCT000266,GEO000038,2026-05-06 02:35:00,Weather,Minor,Resolved,Mobile,22.1,2026-05-06 02:57:06,False
OEV000000000109,CUST000268,ACCT000268,GEO000035,2026-05-12 22:34:00,Equipment failure,Minor,Resolved,Internet,132.5,2026-05-13 00:46:30,False
OEV000000000110,CUST000268,ACCT000268,GEO000035,2026-05-03 08:24:00,Fiber cut,Minor,Resolved,Internet,15.3,2026-05-03 08:39:18,True
OEV000000000111,CUST000269,ACCT000269,GEO000038,2026-05-14 20:07:00,Weather,Critical,Resolved,Internet,57.6,2026-05-14 21:04:36,True
OEV000000000112,CUST000270,ACCT000270,GEO000049,2026-06-11 04:48:00,Fiber cut,Critical,Resolved,Internet,58.7,2026-06-11 05:46:42,False
OEV000000000113,CUST000271,ACCT000271,GEO000005,2026-05-16 05:42:00,Congestion,Minor,Resolved,Internet,9.1,2026-05-16 05:51:06,True
OEV000000000114,CUST000272,ACCT000272,GEO000011,2026-05-13 12:39:00,Weather,Critical,Resolved,Internet,143.3,2026-05-13 15:02:18,True
OEV000000000115,CUST000272,ACCT000272,GEO000011,2026-06-04 04:49:00,Power loss,Critical,Resolved,Internet,34.6,2026-06-04 05:23:36,False
OEV000000000116,CUST000273,ACCT000273,GEO000020,2026-05-02 04:25:00,Power loss,Major,Resolved,TV,27.0,2026-05-02 04:52:00,True
OEV000000000117,CUST000273,ACCT000273,GEO000020,2026-05-11 21:36:00,Equipment failure,Critical,Resolved,Internet,33.9,2026-05-11 22:09:54,True
OEV000000000118,CUST000281,ACCT000281,GEO000028,2026-05-24 03:57:00,Fiber cut,Major,Resolved,Internet,27.0,2026-05-24 04:24:00,True
OEV000000000119,CUST000287,ACCT000287,GEO000055,2026-06-28 01:10:00,Fiber cut,Major,Resolved,Internet,41.6,2026-06-28 01:51:36,True
OEV000000000120,CUST000287,ACCT000287,GEO000055,2026-06-18 12:27:00,Fiber cut,Minor,Resolved,TV,151.6,2026-06-18 14:58:36,False
OEV000000000121,CUST000290,ACCT000290,GEO000047,2026-06-03 01:53:00,Power loss,Critical,Resolved,Internet,46.9,2026-06-03 02:39:54,False
OEV000000000122,CUST000290,ACCT000290,GEO000047,2026-06-02 08:55:00,Equipment failure,Minor,Resolved,Internet,192.0,2026-06-02 12:07:00,False
OEV000000000123,CUST000292,ACCT000292,GEO000040,2026-06-29 10:39:00,Equipment failure,Major,Resolved,Voice,91.6,2026-06-29 12:10:36,True
OEV000000000124,CUST000294,ACCT000294,GEO000048,2026-05-16 18:00:00,Equipment failure,Minor,Resolved,Internet,6.5,2026-05-16 18:06:30,True
OEV000000000125,CUST000294,ACCT000294,GEO000048,2026-05-17 08:29:00,Fiber cut,Critical,Investigating,Internet,47.2,,False
OEV000000000126,CUST000302,ACCT000302,GEO000034,2026-05-30 15:20:00,Equipment failure,Minor,Detected,Internet,50.9,,False
OEV000000000127,CUST000302,ACCT000302,GEO000034,2026-05-02 20:29:00,Weather,Major,Resolved,Internet,44.6,2026-05-02 21:13:36,True
OEV000000000128,CUST000309,ACCT000309,GEO000001,2026-05-09 02:34:00,Congestion,Major,Resolved,Mobile,161.6,2026-05-09 05:15:36,True
OEV000000000129,CUST000309,ACCT000309,GEO000001,2026-06-18 16:31:00,Power loss,Minor,Resolved,Mobile,53.9,2026-06-18 17:24:54,True
OEV000000000130,CUST000310,ACCT000310,GEO000021,2026-05-07 10:35:00,Power loss,Major,Resolved,Mobile,37.4,2026-05-07 11:12:24,True
OEV000000000131,CUST000310,ACCT000310,GEO000021,2026-05-31 09:09:00,Equipment failure,Major,Resolved,Mobile,39.2,2026-05-31 09:48:12,True
OEV000000000132,CUST000314,ACCT000314,GEO000030,2026-05-20 22:46:00,Congestion,Major,Resolved,Internet,88.2,2026-05-21 00:14:12,True
OEV000000000133,CUST000314,ACCT000314,GEO000030,2026-05-02 09:52:00,Fiber cut,Minor,Resolved,Internet,43.6,2026-05-02 10:35:36,True
OEV000000000134,CUST000315,ACCT000315,GEO000022,2026-06-23 16:46:00,Equipment failure,Minor,Resolved,Internet,131.4,2026-06-23 18:57:24,False
OEV000000000135,CUST000315,ACCT000315,GEO000022,2026-06-20 03:17:00,Weather,Minor,Resolved,Internet,10.0,2026-06-20 03:27:00,True
OEV000000000136,CUST000323,ACCT000323,GEO000029,2026-06-05 16:34:00,Weather,Minor,Resolved,TV,61.3,2026-06-05 17:35:18,True
OEV000000000137,CUST000323,ACCT000323,GEO000029,2026-06-27 01:59:00,Weather,Major,Resolved,TV,111.4,2026-06-27 03:50:24,False
OEV000000000138,CUST000324,ACCT000324,GEO000060,2026-05-22 21:57:00,Congestion,Major,Resolved,Mobile,291.2,2026-05-23 02:48:12,True
OEV000000000139,CUST000335,ACCT000335,GEO000010,2026-05-25 07:09:00,Fiber cut,Minor,Resolved,Internet,27.2,2026-05-25 07:36:12,False
OEV000000000140,CUST000337,ACCT000337,GEO000003,2026-06-23 18:33:00,Fiber cut,Minor,Resolved,Internet,210.5,2026-06-23 22:03:30,True
OEV000000000141,CUST000337,ACCT000337,GEO000003,2026-05-09 02:10:00,Equipment failure,Critical,Resolved,Internet,37.8,2026-05-09 02:47:48,True
OEV000000000142,CUST000339,ACCT000339,GEO000027,2026-05-22 14:47:00,Fiber cut,Minor,Detected,Internet,87.6,,True
OEV000000000143,CUST000341,ACCT000341,GEO000047,2026-06-18 05:50:00,Power loss,Minor,Resolved,Internet,51.2,2026-06-18 06:41:12,True
OEV000000000144,CUST000350,ACCT000350,GEO000037,2026-05-17 04:38:00,Equipment failure,Minor,Resolved,Internet,20.0,2026-05-17 04:58:00,True
OEV000000000145,CUST000352,ACCT000352,GEO000005,2026-06-13 01:30:00,Equipment failure,Minor,Resolved,Internet,164.5,2026-06-13 04:14:30,False
OEV000000000146,CUST000352,ACCT000352,GEO000005,2026-05-24 05:04:00,Equipment failure,Minor,Investigating,Internet,45.2,,False
OEV000000000147,CUST000362,ACCT000362,GEO000048,2026-06-06 13:00:00,Weather,Minor,Detected,Internet,146.1,,True
OEV000000000148,CUST000363,ACCT000363,GEO000030,2026-06-19 22:18:00,Power loss,Minor,Resolved,Internet,78.3,2026-06-19 23:36:18,True
OEV000000000149,CUST000364,ACCT000364,GEO000030,2026-06-20 03:51:00,Equipment failure,Critical,Resolved,Mobile,99.8,2026-06-20 05:30:48,False
OEV000000000150,CUST000374,ACCT000374,GEO000029,2026-06-14 01:03:00,Equipment failure,Minor,Resolved,TV,105.6,2026-06-14 02:48:36,False
OEV000000000151,CUST000374,ACCT000374,GEO000029,2026-05-08 01:41:00,Equipment failure,Minor,Detected,TV,37.3,,False
OEV000000000152,CUST000375,ACCT000375,GEO000038,2026-05-29 23:24:00,Power loss,Minor,Resolved,Internet,49.0,2026-05-30 00:13:00,True
OEV000000000153,CUST000376,ACCT000376,GEO000020,2026-06-10 05:20:00,Equipment failure,Critical,Resolved,Internet,87.1,2026-06-10 06:47:06,True
OEV000000000154,CUST000389,ACCT000389,GEO000001,2026-06-03 04:30:00,Equipment failure,Major,Resolved,Internet,112.1,2026-06-03 06:22:06,True
OEV000000000155,CUST000389,ACCT000389,GEO000001,2026-06-22 06:38:00,Congestion,Critical,Resolved,Internet,48.5,2026-06-22 07:26:30,False
OEV000000000156,CUST000392,ACCT000392,GEO000005,2026-05-13 15:39:00,Congestion,Major,Resolved,Internet,56.4,2026-05-13 16:35:24,False
OEV000000000157,CUST000395,ACCT000395,GEO000032,2026-05-23 02:19:00,Power loss,Major,Resolved,Internet,367.3,2026-05-23 08:26:18,False
OEV000000000158,CUST000404,ACCT000404,GEO000034,2026-06-14 17:36:00,Equipment failure,Critical,Resolved,Internet,71.4,2026-06-14 18:47:24,False
OEV000000000159,CUST000409,ACCT000409,GEO000015,2026-06-24 10:02:00,Equipment failure,Minor,Resolved,Internet,37.1,2026-06-24 10:39:06,False
OEV000000000160,CUST000413,ACCT000413,GEO000019,2026-05-17 08:09:00,Congestion,Critical,Resolved,Internet,118.1,2026-05-17 10:07:06,False
OEV000000000161,CUST000413,ACCT000413,GEO000019,2026-06-26 13:50:00,Power loss,Critical,Resolved,Internet,35.6,2026-06-26 14:25:36,True
OEV000000000162,CUST000415,ACCT000415,GEO000024,2026-05-12 15:04:00,Fiber cut,Major,Resolved,Internet,115.8,2026-05-12 16:59:48,True
OEV000000000163,CUST000417,ACCT000417,GEO000015,2026-05-02 12:07:00,Congestion,Major,Resolved,Internet,76.0,2026-05-02 13:23:00,True
OEV000000000164,CUST000417,ACCT000417,GEO000015,2026-06-18 22:45:00,Fiber cut,Minor,Resolved,Internet,30.6,2026-06-18 23:15:36,False
OEV000000000165,CUST000419,ACCT000419,GEO000060,2026-06-22 15:55:00,Power loss,Major,Resolved,Internet,47.8,2026-06-22 16:42:48,False
OEV000000000166,CUST000422,ACCT000422,GEO000049,2026-05-15 08:11:00,Congestion,Critical,Resolved,Internet,103.4,2026-05-15 09:54:24,False
OEV000000000167,CUST000423,ACCT000423,GEO000050,2026-06-16 16:29:00,Equipment failure,Major,Resolved,TV,75.8,2026-06-16 17:44:48,False
OEV000000000168,CUST000423,ACCT000423,GEO000050,2026-05-04 22:04:00,Fiber cut,Major,Resolved,Internet,80.1,2026-05-04 23:24:06,True
OEV000000000169,CUST000424,ACCT000424,GEO000059,2026-05-05 04:34:00,Weather,Minor,Resolved,Internet,106.9,2026-05-05 06:20:54,True
OEV000000000170,CUST000429,ACCT000429,GEO000014,2026-05-09 15:51:00,Fiber cut,Major,Restoring,Internet,33.8,,True
OEV000000000171,CUST000429,ACCT000429,GEO000014,2026-06-08 18:05:00,Congestion,Major,Resolved,Internet,44.4,2026-06-08 18:49:24,False
OEV000000000172,CUST000435,ACCT000435,GEO000008,2026-05-24 16:09:00,Equipment failure,Major,Resolved,Internet,4.3,2026-05-24 16:13:18,True
OEV000000000173,CUST000437,ACCT000437,GEO000050,2026-05-13 01:20:00,Fiber cut,Minor,Resolved,Internet,4.3,2026-05-13 01:24:18,True
OEV000000000174,CUST000442,ACCT000442,GEO000043,2026-06-26 23:05:00,Weather,Minor,Resolved,Internet,101.9,2026-06-27 00:46:54,True
OEV000000000175,CUST000449,ACCT000449,GEO000011,2026-05-31 10:04:00,Congestion,Minor,Resolved,Internet,246.6,2026-05-31 14:10:36,False
OEV000000000176,CUST000451,ACCT000451,GEO000010,2026-06-07 22:04:00,Equipment failure,Major,Resolved,Internet,98.1,2026-06-07 23:42:06,True
OEV000000000177,CUST000451,ACCT000451,GEO000010,2026-06-09 01:47:00,Fiber cut,Minor,Resolved,Internet,168.8,2026-06-09 04:35:48,False
OEV000000000178,CUST000454,ACCT000454,GEO000027,2026-06-04 22:25:00,Weather,Major,Resolved,Internet,58.6,2026-06-04 23:23:36,True
OEV000000000179,CUST000454,ACCT000454,GEO000027,2026-05-23 23:01:00,Fiber cut,Major,Investigating,Internet,253.0,,True
OEV000000000180,CUST000455,ACCT000455,GEO000009,2026-05-16 16:06:00,Congestion,Minor,Resolved,Internet,107.7,2026-05-16 17:53:42,False
OEV000000000181,CUST000462,ACCT000462,GEO000003,2026-06-17 03:49:00,Power loss,Minor,Resolved,Mobile,162.7,2026-06-17 06:31:42,False
OEV000000000182,CUST000469,ACCT000469,GEO000018,2026-06-16 10:32:00,Weather,Minor,Resolved,Internet,33.9,2026-06-16 11:05:54,False
OEV000000000183,CUST000469,ACCT000469,GEO000018,2026-05-29 13:59:00,Congestion,Major,Resolved,Mobile,134.7,2026-05-29 16:13:42,True
OEV000000000184,CUST000473,ACCT000473,GEO000028,2026-05-30 16:08:00,Equipment failure,Major,Resolved,Internet,31.6,2026-05-30 16:39:36,False
OEV000000000185,CUST000473,ACCT000473,GEO000028,2026-05-10 05:57:00,Weather,Major,Resolved,Mobile,87.1,2026-05-10 07:24:06,True
OEV000000000186,CUST000474,ACCT000474,GEO000057,2026-05-14 19:38:00,Weather,Minor,Resolved,Internet,30.7,2026-05-14 20:08:42,True
OEV000000000187,CUST000477,ACCT000477,GEO000060,2026-06-22 21:31:00,Fiber cut,Major,Resolved,Internet,34.5,2026-06-22 22:05:30,True
OEV000000000188,CUST000481,ACCT000481,GEO000030,2026-05-03 03:19:00,Weather,Major,Resolved,Internet,108.3,2026-05-03 05:07:18,False
OEV000000000189,CUST000482,ACCT000482,GEO000029,2026-05-09 10:48:00,Equipment failure,Major,Detected,Internet,48.8,,True
OEV000000000190,CUST000482,ACCT000482,GEO000029,2026-05-19 14:23:00,Congestion,Minor,Resolved,Internet,123.9,2026-05-19 16:26:54,False
OEV000000000191,CUST000485,ACCT000485,GEO000021,2026-06-28 12:36:00,Weather,Major,Resolved,Internet,43.5,2026-06-28 13:19:30,False
OEV000000000192,CUST000494,ACCT000494,GEO000022,2026-05-02 14:23:00,Equipment failure,Major,Resolved,Internet,35.1,2026-05-02 14:58:06,False
OEV000000000193,CUST000494,ACCT000494,GEO000022,2026-05-21 01:41:00,Fiber cut,Major,Resolved,Internet,208.8,2026-05-21 05:09:48,False
OEV000000000194,CUST000510,ACCT000510,GEO000002,2026-06-12 06:12:00,Power loss,Minor,Resolved,Internet,116.8,2026-06-12 08:08:48,True
OEV000000000195,CUST000510,ACCT000510,GEO000002,2026-06-14 09:45:00,Equipment failure,Minor,Investigating,Internet,162.0,,True
OEV000000000196,CUST000511,ACCT000511,GEO000046,2026-05-20 20:26:00,Equipment failure,Major,Resolved,Internet,81.1,2026-05-20 21:47:06,False
OEV000000000197,CUST000513,ACCT000513,GEO000021,2026-06-24 05:21:00,Fiber cut,Major,Resolved,Internet,67.7,2026-06-24 06:28:42,True
OEV000000000198,CUST000515,ACCT000515,GEO000022,2026-06-05 09:59:00,Congestion,Minor,Investigating,Internet,55.2,,True
OEV000000000199,CUST000515,ACCT000515,GEO000022,2026-05-11 05:33:00,Congestion,Minor,Resolved,Internet,53.6,2026-05-11 06:26:36,True
OEV000000000200,CUST000516,ACCT000516,GEO000008,2026-06-27 02:16:00,Congestion,Minor,Resolved,Internet,21.7,2026-06-27 02:37:42,True
OEV000000000201,CUST000517,ACCT000517,GEO000060,2026-05-06 18:09:00,Power loss,Critical,Resolved,Internet,75.9,2026-05-06 19:24:54,False
OEV000000000202,CUST000517,ACCT000517,GEO000060,2026-05-23 08:25:00,Weather,Minor,Resolved,Internet,8.1,2026-05-23 08:33:06,False
OEV000000000203,CUST000519,ACCT000519,GEO000034,2026-05-13 10:22:00,Power loss,Minor,Resolved,Mobile,72.9,2026-05-13 11:34:54,True
OEV000000000204,CUST000519,ACCT000519,GEO000034,2026-06-25 20:42:00,Equipment failure,Minor,Resolved,Mobile,74.9,2026-06-25 21:56:54,False
OEV000000000205,CUST000523,ACCT000523,GEO000039,2026-06-26 17:24:00,Weather,Minor,Resolved,Internet,6.1,2026-06-26 17:30:06,True
OEV000000000206,CUST000525,ACCT000525,GEO000050,2026-06-16 02:05:00,Power loss,Major,Resolved,TV,170.3,2026-06-16 04:55:18,True
OEV000000000207,CUST000535,ACCT000535,GEO000037,2026-06-28 18:14:00,Weather,Major,Resolved,Internet,88.3,2026-06-28 19:42:18,False
OEV000000000208,CUST000538,ACCT000538,GEO000014,2026-06-25 05:48:00,Weather,Critical,Resolved,Internet,63.2,2026-06-25 06:51:12,False
OEV000000000209,CUST000538,ACCT000538,GEO000014,2026-06-29 05:12:00,Congestion,Minor,Resolved,Internet,122.0,2026-06-29 07:14:00,False
OEV000000000210,CUST000539,ACCT000539,GEO000028,2026-05-18 22:18:00,Congestion,Critical,Resolved,Internet,83.8,2026-05-18 23:41:48,True
OEV000000000211,CUST000545,ACCT000545,GEO000031,2026-06-01 21:33:00,Congestion,Minor,Resolved,Mobile,106.5,2026-06-01 23:19:30,True
OEV000000000212,CUST000548,ACCT000548,GEO000021,2026-06-16 03:16:00,Weather,Critical,Resolved,Internet,12.6,2026-06-16 03:28:36,False
OEV000000000213,CUST000548,ACCT000548,GEO000021,2026-06-20 15:41:00,Weather,Critical,Resolved,Internet,55.0,2026-06-20 16:36:00,False
OEV000000000214,CUST000552,ACCT000552,GEO000046,2026-05-03 22:28:00,Equipment failure,Minor,Restoring,Mobile,181.6,,True
OEV000000000215,CUST000552,ACCT000552,GEO000046,2026-06-13 04:30:00,Congestion,Major,Resolved,Mobile,299.7,2026-06-13 09:29:42,False
OEV000000000216,CUST000555,ACCT000555,GEO000057,2026-06-17 03:22:00,Weather,Major,Resolved,Internet,175.2,2026-06-17 06:17:12,False
OEV000000000217,CUST000556,ACCT000556,GEO000005,2026-05-23 01:20:00,Power loss,Major,Resolved,Internet,79.9,2026-05-23 02:39:54,False
OEV000000000218,CUST000556,ACCT000556,GEO000005,2026-05-25 16:20:00,Equipment failure,Critical,Resolved,Internet,124.5,2026-05-25 18:24:30,True
OEV000000000219,CUST000557,ACCT000557,GEO000008,2026-06-13 00:50:00,Congestion,Minor,Resolved,Internet,47.6,2026-06-13 01:37:36,False
OEV000000000220,CUST000561,ACCT000561,GEO000037,2026-05-19 06:33:00,Congestion,Major,Resolved,Mobile,134.0,2026-05-19 08:47:00,True
OEV000000000221,CUST000568,ACCT000568,GEO000042,2026-06-20 17:16:00,Equipment failure,Major,Resolved,Internet,74.6,2026-06-20 18:30:36,True
OEV000000000222,CUST000582,ACCT000582,GEO000008,2026-05-06 23:36:00,Weather,Minor,Resolved,Internet,88.0,2026-05-07 01:04:00,False
OEV000000000223,CUST000582,ACCT000582,GEO000008,2026-06-07 19:47:00,Fiber cut,Critical,Resolved,Internet,80.4,2026-06-07 21:07:24,False
OEV000000000224,CUST000583,ACCT000583,GEO000013,2026-06-05 23:11:00,Congestion,Major,Resolved,Mobile,57.5,2026-06-06 00:08:30,True
OEV000000000225,CUST000583,ACCT000583,GEO000013,2026-05-15 00:26:00,Power loss,Minor,Resolved,Internet,32.0,2026-05-15 00:58:00,False
OEV000000000226,CUST000587,ACCT000587,GEO000059,2026-05-31 20:10:00,Power loss,Critical,Resolved,Internet,9.9,2026-05-31 20:19:54,True
OEV000000000227,CUST000587,ACCT000587,GEO000059,2026-05-15 21:43:00,Weather,Minor,Resolved,Internet,65.0,2026-05-15 22:48:00,False
OEV000000000228,CUST000590,ACCT000590,GEO000056,2026-05-21 18:22:00,Fiber cut,Minor,Resolved,Internet,54.1,2026-05-21 19:16:06,True
OEV000000000229,CUST000595,ACCT000595,GEO000029,2026-06-12 04:44:00,Equipment failure,Major,Resolved,TV,61.9,2026-06-12 05:45:54,False
OEV000000000230,CUST000595,ACCT000595,GEO000029,2026-06-27 04:54:00,Fiber cut,Minor,Resolved,Internet,62.8,2026-06-27 05:56:48,False
OEV000000000231,CUST000596,ACCT000596,GEO000022,2026-06-29 00:13:00,Equipment failure,Major,Resolved,TV,9.8,2026-06-29 00:22:48,False
OEV000000000232,CUST000596,ACCT000596,GEO000022,2026-05-15 05:32:00,Weather,Minor,Restoring,Internet,83.8,,True
OEV000000000233,CUST000608,ACCT000608,GEO000043,2026-06-01 15:45:00,Fiber cut,Major,Detected,Internet,65.2,,True
OEV000000000234,CUST000608,ACCT000608,GEO000043,2026-05-04 09:04:00,Fiber cut,Minor,Resolved,Internet,26.3,2026-05-04 09:30:18,True
OEV000000000235,CUST000619,ACCT000619,GEO000051,2026-05-27 21:37:00,Power loss,Major,Resolved,TV,177.7,2026-05-28 00:34:42,False
OEV000000000236,CUST000619,ACCT000619,GEO000051,2026-06-13 19:53:00,Congestion,Major,Restoring,TV,22.9,,False
OEV000000000237,CUST000620,ACCT000620,GEO000005,2026-05-20 09:38:00,Weather,Major,Resolved,Internet,62.2,2026-05-20 10:40:12,True
OEV000000000238,CUST000620,ACCT000620,GEO000005,2026-06-10 19:14:00,Power loss,Minor,Resolved,Internet,164.6,2026-06-10 21:58:36,False
OEV000000000239,CUST000628,ACCT000628,GEO000004,2026-06-16 16:11:00,Fiber cut,Minor,Resolved,Internet,14.8,2026-06-16 16:25:48,True
OEV000000000240,CUST000628,ACCT000628,GEO000004,2026-05-03 07:13:00,Weather,Minor,Restoring,Internet,137.9,,False
OEV000000000241,CUST000633,ACCT000633,GEO000029,2026-05-27 02:52:00,Power loss,Major,Resolved,Internet,133.9,2026-05-27 05:05:54,False
OEV000000000242,CUST000635,ACCT000635,GEO000014,2026-06-10 12:06:00,Power loss,Minor,Resolved,Internet,355.8,2026-06-10 18:01:48,True
OEV000000000243,CUST000635,ACCT000635,GEO000014,2026-06-18 21:08:00,Equipment failure,Minor,Resolved,Mobile,155.5,2026-06-18 23:43:30,True
OEV000000000244,CUST000636,ACCT000636,GEO000007,2026-05-18 15:36:00,Power loss,Minor,Resolved,Internet,68.9,2026-05-18 16:44:54,False
OEV000000000245,CUST000643,ACCT000643,GEO000036,2026-06-16 06:17:00,Equipment failure,Minor,Resolved,Internet,61.0,2026-06-16 07:18:00,True
OEV000000000246,CUST000647,ACCT000647,GEO000019,2026-05-22 00:10:00,Congestion,Minor,Resolved,Internet,81.5,2026-05-22 01:31:30,True
OEV000000000247,CUST000650,ACCT000650,GEO000030,2026-06-26 10:38:00,Equipment failure,Minor,Resolved,Internet,55.8,2026-06-26 11:33:48,True
OEV000000000248,CUST000650,ACCT000650,GEO000030,2026-06-29 23:13:00,Power loss,Minor,Detected,Internet,127.8,,False
OEV000000000249,CUST000661,ACCT000661,GEO000022,2026-06-26 17:57:00,Weather,Critical,Resolved,Mobile,68.4,2026-06-26 19:05:24,True
OEV000000000250,CUST000664,ACCT000664,GEO000015,2026-05-31 18:22:00,Equipment failure,Minor,Resolved,Internet,30.8,2026-05-31 18:52:48,False
OEV000000000251,CUST000665,ACCT000665,GEO000008,2026-06-09 23:49:00,Power loss,Major,Investigating,Internet,158.4,,True
OEV000000000252,CUST000665,ACCT000665,GEO000008,2026-06-12 23:09:00,Congestion,Critical,Resolved,Internet,130.6,2026-06-13 01:19:36,True
OEV000000000253,CUST000671,ACCT000671,GEO000038,2026-05-07 15:45:00,Congestion,Minor,Resolved,Internet,71.5,2026-05-07 16:56:30,False
OEV000000000254,CUST000679,ACCT000679,GEO000003,2026-05-10 11:32:00,Equipment failure,Major,Resolved,Internet,430.1,2026-05-10 18:42:06,False
OEV000000000255,CUST000681,ACCT000681,GEO000012,2026-06-09 23:52:00,Weather,Critical,Resolved,Internet,42.1,2026-06-10 00:34:06,True
OEV000000000256,CUST000681,ACCT000681,GEO000012,2026-05-30 15:57:00,Fiber cut,Major,Resolved,Internet,36.3,2026-05-30 16:33:18,False
OEV000000000257,CUST000683,ACCT000683,GEO000001,2026-05-03 02:22:00,Weather,Minor,Detected,Internet,108.8,,True
OEV000000000258,CUST000693,ACCT000693,GEO000001,2026-06-20 05:53:00,Congestion,Major,Detected,Internet,43.7,,True
OEV000000000259,CUST000693,ACCT000693,GEO000001,2026-06-19 20:16:00,Power loss,Minor,Resolved,Internet,46.9,2026-06-19 21:02:54,True
OEV000000000260,CUST000703,ACCT000703,GEO000032,2026-05-02 22:53:00,Equipment failure,Major,Resolved,Internet,24.7,2026-05-02 23:17:42,False
OEV000000000261,CUST000703,ACCT000703,GEO000032,2026-05-06 02:40:00,Power loss,Minor,Resolved,Internet,254.2,2026-05-06 06:54:12,True
OEV000000000262,CUST000716,ACCT000716,GEO000008,2026-06-13 12:46:00,Fiber cut,Major,Resolved,Internet,22.7,2026-06-13 13:08:42,False
OEV000000000263,CUST000716,ACCT000716,GEO000008,2026-06-05 06:14:00,Weather,Major,Resolved,Mobile,39.5,2026-06-05 06:53:30,True
OEV000000000264,CUST000718,ACCT000718,GEO000007,2026-05-28 21:45:00,Fiber cut,Minor,Resolved,Internet,54.0,2026-05-28 22:39:00,False
OEV000000000265,CUST000718,ACCT000718,GEO000007,2026-06-20 11:23:00,Congestion,Major,Resolved,Internet,89.0,2026-06-20 12:52:00,False
OEV000000000266,CUST000723,ACCT000723,GEO000021,2026-06-27 06:01:00,Fiber cut,Minor,Resolved,Mobile,59.2,2026-06-27 07:00:12,True
OEV000000000267,CUST000725,ACCT000725,GEO000046,2026-05-22 23:49:00,Power loss,Minor,Resolved,Internet,22.8,2026-05-23 00:11:48,True
OEV000000000268,CUST000726,ACCT000726,GEO000013,2026-05-01 10:33:00,Equipment failure,Minor,Resolved,Voice,265.7,2026-05-01 14:58:42,False
OEV000000000269,CUST000728,ACCT000728,GEO000060,2026-06-07 01:23:00,Power loss,Critical,Restoring,Internet,38.0,,True
OEV000000000270,CUST000728,ACCT000728,GEO000060,2026-05-30 05:36:00,Weather,Minor,Resolved,Internet,21.4,2026-05-30 05:57:24,True
OEV000000000271,CUST000732,ACCT000732,GEO000051,2026-05-22 21:41:00,Power loss,Minor,Resolved,Internet,118.7,2026-05-22 23:39:42,True
OEV000000000272,CUST000732,ACCT000732,GEO000051,2026-06-18 18:44:00,Equipment failure,Major,Resolved,Internet,308.3,2026-06-18 23:52:18,False
OEV000000000273,CUST000733,ACCT000733,GEO000011,2026-05-30 15:47:00,Congestion,Minor,Resolved,Internet,51.2,2026-05-30 16:38:12,True
OEV000000000274,CUST000733,ACCT000733,GEO000011,2026-06-22 12:10:00,Weather,Minor,Resolved,Internet,53.1,2026-06-22 13:03:06,False
OEV000000000275,CUST000735,ACCT000735,GEO000028,2026-05-14 14:18:00,Power loss,Minor,Resolved,Internet,200.4,2026-05-14 17:38:24,True
OEV000000000276,CUST000735,ACCT000735,GEO000028,2026-05-24 08:36:00,Fiber cut,Major,Resolved,Voice,36.0,2026-05-24 09:12:00,False
OEV000000000277,CUST000740,ACCT000740,GEO000060,2026-06-29 06:58:00,Congestion,Major,Resolved,Internet,83.4,2026-06-29 08:21:24,False
OEV000000000278,CUST000741,ACCT000741,GEO000004,2026-06-07 03:02:00,Weather,Minor,Resolved,Internet,87.3,2026-06-07 04:29:18,True
OEV000000000279,CUST000742,ACCT000742,GEO000021,2026-06-16 08:57:00,Weather,Critical,Resolved,Internet,32.8,2026-06-16 09:29:48,True
OEV000000000280,CUST000742,ACCT000742,GEO000021,2026-05-10 08:00:00,Equipment failure,Major,Resolved,Internet,42.3,2026-05-10 08:42:18,True
OEV000000000281,CUST000744,ACCT000744,GEO000010,2026-05-29 20:13:00,Fiber cut,Major,Investigating,Internet,90.9,,False
OEV000000000282,CUST000744,ACCT000744,GEO000010,2026-05-28 23:28:00,Weather,Major,Resolved,Internet,175.4,2026-05-29 02:23:24,True
OEV000000000283,CUST000745,ACCT000745,GEO000005,2026-06-15 12:19:00,Equipment failure,Critical,Detected,Internet,89.1,,False
OEV000000000284,CUST000747,ACCT000747,GEO000005,2026-06-28 08:31:00,Weather,Minor,Resolved,Mobile,172.4,2026-06-28 11:23:24,False
OEV000000000285,CUST000752,ACCT000752,GEO000009,2026-05-11 05:52:00,Weather,Minor,Resolved,Internet,30.1,2026-05-11 06:22:06,True
OEV000000000286,CUST000759,ACCT000759,GEO000027,2026-05-15 18:48:00,Fiber cut,Minor,Resolved,Internet,82.9,2026-05-15 20:10:54,False
OEV000000000287,CUST000762,ACCT000762,GEO000037,2026-05-26 16:11:00,Fiber cut,Major,Resolved,Internet,127.5,2026-05-26 18:18:30,False
OEV000000000288,CUST000763,ACCT000763,GEO000003,2026-06-22 07:03:00,Equipment failure,Critical,Investigating,Internet,111.4,,False
OEV000000000289,CUST000763,ACCT000763,GEO000003,2026-05-08 03:43:00,Power loss,Minor,Resolved,Internet,120.9,2026-05-08 05:43:54,True
OEV000000000290,CUST000764,ACCT000764,GEO000021,2026-06-24 18:30:00,Weather,Major,Resolved,Internet,110.8,2026-06-24 20:20:48,True
OEV000000000291,CUST000766,ACCT000766,GEO000005,2026-06-29 14:34:00,Fiber cut,Major,Resolved,Internet,54.2,2026-06-29 15:28:12,True
OEV000000000292,CUST000766,ACCT000766,GEO000005,2026-05-08 04:52:00,Power loss,Minor,Resolved,Internet,33.6,2026-05-08 05:25:36,True
OEV000000000293,CUST000767,ACCT000767,GEO000008,2026-06-19 00:08:00,Power loss,Minor,Detected,Internet,41.3,,True
OEV000000000294,CUST000768,ACCT000768,GEO000030,2026-05-04 01:16:00,Congestion,Minor,Resolved,Internet,44.5,2026-05-04 02:00:30,False
OEV000000000295,CUST000768,ACCT000768,GEO000030,2026-05-14 07:32:00,Equipment failure,Minor,Resolved,Internet,129.8,2026-05-14 09:41:48,True
OEV000000000296,CUST000769,ACCT000769,GEO000007,2026-05-28 08:46:00,Fiber cut,Minor,Resolved,Internet,40.8,2026-05-28 09:26:48,False
OEV000000000297,CUST000775,ACCT000775,GEO000007,2026-06-27 20:15:00,Congestion,Critical,Resolved,Mobile,20.4,2026-06-27 20:35:24,True
OEV000000000298,CUST000778,ACCT000778,GEO000048,2026-05-02 05:02:00,Equipment failure,Minor,Resolved,Internet,63.6,2026-05-02 06:05:36,False
OEV000000000299,CUST000778,ACCT000778,GEO000048,2026-06-05 09:44:00,Fiber cut,Minor,Resolved,Internet,102.8,2026-06-05 11:26:48,True
OEV000000000300,CUST000781,ACCT000781,GEO000009,2026-05-30 02:07:00,Weather,Minor,Resolved,Mobile,123.8,2026-05-30 04:10:48,False
OEV000000000301,CUST000783,ACCT000783,GEO000001,2026-06-22 20:38:00,Equipment failure,Minor,Resolved,Internet,192.2,2026-06-22 23:50:12,True
OEV000000000302,CUST000783,ACCT000783,GEO000001,2026-05-16 17:56:00,Power loss,Minor,Resolved,Internet,71.4,2026-05-16 19:07:24,True
OEV000000000303,CUST000794,ACCT000794,GEO000020,2026-05-30 05:39:00,Equipment failure,Major,Investigating,Internet,28.3,,True
OEV000000000304,CUST000795,ACCT000795,GEO000025,2026-05-04 23:01:00,Fiber cut,Minor,Resolved,Mobile,35.6,2026-05-04 23:36:36,False
OEV000000000305,CUST000797,ACCT000797,GEO000043,2026-05-24 23:47:00,Congestion,Minor,Resolved,Internet,86.3,2026-05-25 01:13:18,True
OEV000000000306,CUST000797,ACCT000797,GEO000043,2026-06-01 16:13:00,Power loss,Critical,Resolved,Voice,43.3,2026-06-01 16:56:18,True
OEV000000000307,CUST000798,ACCT000798,GEO000036,2026-06-14 09:01:00,Weather,Major,Resolved,Internet,50.0,2026-06-14 09:51:00,False
OEV000000000308,CUST000798,ACCT000798,GEO000036,2026-05-15 21:51:00,Equipment failure,Minor,Resolved,Internet,57.6,2026-05-15 22:48:36,True
OEV000000000309,CUST000805,ACCT000805,GEO000027,2026-06-21 00:16:00,Power loss,Major,Resolved,Voice,54.1,2026-06-21 01:10:06,True
OEV000000000310,CUST000806,ACCT000806,GEO000039,2026-05-05 02:07:00,Equipment failure,Major,Resolved,Internet,156.2,2026-05-05 04:43:12,True
OEV000000000311,CUST000808,ACCT000808,GEO000017,2026-05-15 03:56:00,Fiber cut,Minor,Resolved,Mobile,117.1,2026-05-15 05:53:06,False
OEV000000000312,CUST000809,ACCT000809,GEO000009,2026-06-21 02:01:00,Weather,Minor,Restoring,Internet,147.2,,False
OEV000000000313,CUST000811,ACCT000811,GEO000018,2026-06-01 20:02:00,Congestion,Major,Resolved,Internet,119.3,2026-06-01 22:01:18,False
OEV000000000314,CUST000811,ACCT000811,GEO000018,2026-06-22 13:59:00,Weather,Major,Resolved,Internet,162.2,2026-06-22 16:41:12,False
OEV000000000315,CUST000812,ACCT000812,GEO000007,2026-05-28 22:27:00,Congestion,Major,Resolved,Internet,92.7,2026-05-28 23:59:42,True
OEV000000000316,CUST000812,ACCT000812,GEO000007,2026-06-05 14:59:00,Equipment failure,Minor,Resolved,Internet,10.1,2026-06-05 15:09:06,True
OEV000000000317,CUST000815,ACCT000815,GEO000016,2026-06-16 22:43:00,Weather,Critical,Resolved,Internet,56.5,2026-06-16 23:39:30,False
OEV000000000318,CUST000815,ACCT000815,GEO000016,2026-06-19 17:31:00,Congestion,Critical,Resolved,Mobile,85.8,2026-06-19 18:56:48,False
OEV000000000319,CUST000821,ACCT000821,GEO000031,2026-05-14 02:59:00,Fiber cut,Minor,Resolved,Mobile,2.1,2026-05-14 03:01:06,True
OEV000000000320,CUST000821,ACCT000821,GEO000031,2026-06-12 03:46:00,Equipment failure,Minor,Resolved,Internet,88.2,2026-06-12 05:14:12,True
OEV000000000321,CUST000826,ACCT000826,GEO000042,2026-05-10 00:31:00,Weather,Major,Resolved,Internet,61.1,2026-05-10 01:32:06,True
OEV000000000322,CUST000826,ACCT000826,GEO000042,2026-06-25 05:29:00,Fiber cut,Major,Restoring,Internet,59.9,,False
OEV000000000323,CUST000840,ACCT000840,GEO000060,2026-05-20 12:55:00,Fiber cut,Major,Resolved,Internet,102.6,2026-05-20 14:37:36,True
OEV000000000324,CUST000841,ACCT000841,GEO000037,2026-05-21 16:33:00,Equipment failure,Major,Resolved,Internet,37.6,2026-05-21 17:10:36,True
OEV000000000325,CUST000845,ACCT000845,GEO000026,2026-05-06 04:46:00,Power loss,Major,Resolved,Mobile,100.6,2026-05-06 06:26:36,False
OEV000000000326,CUST000845,ACCT000845,GEO000026,2026-05-25 00:40:00,Weather,Minor,Resolved,Internet,55.7,2026-05-25 01:35:42,True
OEV000000000327,CUST000849,ACCT000849,GEO000040,2026-05-15 02:52:00,Weather,Major,Resolved,Internet,82.8,2026-05-15 04:14:48,True
OEV000000000328,CUST000849,ACCT000849,GEO000040,2026-05-03 23:41:00,Equipment failure,Major,Resolved,Internet,171.4,2026-05-04 02:32:24,False
OEV000000000329,CUST000851,ACCT000851,GEO000036,2026-05-16 02:29:00,Weather,Critical,Investigating,Internet,99.4,,False
OEV000000000330,CUST000851,ACCT000851,GEO000036,2026-05-01 20:42:00,Congestion,Major,Resolved,Mobile,22.5,2026-05-01 21:04:30,False
OEV000000000331,CUST000865,ACCT000865,GEO000056,2026-06-26 16:59:00,Congestion,Major,Resolved,Internet,78.8,2026-06-26 18:17:48,False
OEV000000000332,CUST000865,ACCT000865,GEO000056,2026-06-25 09:24:00,Weather,Major,Resolved,Internet,72.8,2026-06-25 10:36:48,True
OEV000000000333,CUST000869,ACCT000869,GEO000058,2026-05-06 15:17:00,Fiber cut,Critical,Resolved,Internet,32.5,2026-05-06 15:49:30,True
OEV000000000334,CUST000869,ACCT000869,GEO000058,2026-06-23 05:46:00,Power loss,Critical,Resolved,Mobile,107.3,2026-06-23 07:33:18,False
OEV000000000335,CUST000872,ACCT000872,GEO000036,2026-06-19 16:15:00,Equipment failure,Major,Resolved,Internet,158.3,2026-06-19 18:53:18,False
OEV000000000336,CUST000878,ACCT000878,GEO000060,2026-05-12 21:00:00,Power loss,Critical,Investigating,Internet,49.6,,False
OEV000000000337,CUST000878,ACCT000878,GEO000060,2026-05-06 15:14:00,Power loss,Minor,Resolved,Internet,91.5,2026-05-06 16:45:30,True
OEV000000000338,CUST000888,ACCT000888,GEO000046,2026-06-25 18:50:00,Congestion,Major,Resolved,Internet,72.6,2026-06-25 20:02:36,False
OEV000000000339,CUST000889,ACCT000889,GEO000058,2026-05-18 22:47:00,Fiber cut,Major,Resolved,Internet,118.3,2026-05-19 00:45:18,True
OEV000000000340,CUST000889,ACCT000889,GEO000058,2026-05-16 11:22:00,Power loss,Critical,Resolved,Internet,29.5,2026-05-16 11:51:30,False
OEV000000000341,CUST000893,ACCT000893,GEO000060,2026-05-21 16:05:00,Congestion,Major,Resolved,Voice,58.7,2026-05-21 17:03:42,False
OEV000000000342,CUST000894,ACCT000894,GEO000011,2026-06-14 23:32:00,Fiber cut,Major,Resolved,Internet,15.5,2026-06-14 23:47:30,True
OEV000000000343,CUST000903,ACCT000903,GEO000034,2026-05-12 13:11:00,Power loss,Minor,Resolved,Internet,207.2,2026-05-12 16:38:12,False
OEV000000000344,CUST000903,ACCT000903,GEO000034,2026-05-23 15:17:00,Power loss,Major,Resolved,Mobile,137.1,2026-05-23 17:34:06,False
OEV000000000345,CUST000908,ACCT000908,GEO000045,2026-05-26 16:59:00,Fiber cut,Minor,Resolved,Internet,212.3,2026-05-26 20:31:18,False
OEV000000000346,CUST000908,ACCT000908,GEO000045,2026-06-12 23:11:00,Congestion,Minor,Resolved,Internet,13.2,2026-06-12 23:24:12,True
OEV000000000347,CUST000917,ACCT000917,GEO000046,2026-06-05 12:36:00,Power loss,Minor,Resolved,Internet,124.9,2026-06-05 14:40:54,False
OEV000000000348,CUST000918,ACCT000918,GEO000060,2026-06-21 01:52:00,Congestion,Minor,Resolved,Internet,107.3,2026-06-21 03:39:18,True
OEV000000000349,CUST000918,ACCT000918,GEO000060,2026-05-28 12:18:00,Congestion,Major,Investigating,Internet,44.9,,True
OEV000000000350,CUST000921,ACCT000921,GEO000060,2026-06-17 09:42:00,Congestion,Major,Resolved,Internet,79.7,2026-06-17 11:01:42,True
OEV000000000351,CUST000925,ACCT000925,GEO000016,2026-06-02 06:24:00,Weather,Minor,Resolved,Mobile,72.2,2026-06-02 07:36:12,False
OEV000000000352,CUST000927,ACCT000927,GEO000006,2026-05-31 06:45:00,Equipment failure,Minor,Resolved,Internet,11.9,2026-05-31 06:56:54,False
OEV000000000353,CUST000938,ACCT000938,GEO000022,2026-06-11 13:05:00,Weather,Major,Resolved,Mobile,132.3,2026-06-11 15:17:18,True
OEV000000000354,CUST000938,ACCT000938,GEO000022,2026-06-12 05:18:00,Fiber cut,Minor,Resolved,Internet,51.2,2026-06-12 06:09:12,False
OEV000000000355,CUST000940,ACCT000940,GEO000003,2026-06-27 13:45:00,Fiber cut,Major,Resolved,Voice,60.6,2026-06-27 14:45:36,False
OEV000000000356,CUST000940,ACCT000940,GEO000003,2026-05-04 23:20:00,Power loss,Major,Resolved,Voice,77.7,2026-05-05 00:37:42,False
OEV000000000357,CUST000941,ACCT000941,GEO000060,2026-05-16 17:52:00,Weather,Major,Resolved,Mobile,65.5,2026-05-16 18:57:30,False
OEV000000000358,CUST000941,ACCT000941,GEO000060,2026-06-13 02:13:00,Equipment failure,Major,Restoring,Mobile,69.9,,True
OEV000000000359,CUST000943,ACCT000943,GEO000018,2026-05-31 18:02:00,Weather,Minor,Resolved,Internet,192.5,2026-05-31 21:14:30,False
OEV000000000360,CUST000943,ACCT000943,GEO000018,2026-06-29 13:29:00,Fiber cut,Minor,Resolved,TV,33.7,2026-06-29 14:02:42,True
OEV000000000361,CUST000950,ACCT000950,GEO000060,2026-06-07 06:36:00,Equipment failure,Minor,Resolved,Internet,75.6,2026-06-07 07:51:36,False
OEV000000000362,CUST000954,ACCT000954,GEO000018,2026-06-25 11:06:00,Congestion,Minor,Resolved,Internet,20.5,2026-06-25 11:26:30,False
OEV000000000363,CUST000958,ACCT000958,GEO000009,2026-06-14 14:56:00,Congestion,Major,Investigating,Mobile,112.6,,False
OEV000000000364,CUST000958,ACCT000958,GEO000009,2026-06-05 11:10:00,Fiber cut,Minor,Resolved,TV,184.0,2026-06-05 14:14:00,False
OEV000000000365,CUST000962,ACCT000962,GEO000005,2026-06-02 00:15:00,Fiber cut,Minor,Investigating,TV,65.8,,True
OEV000000000366,CUST000963,ACCT000963,GEO000056,2026-06-29 17:12:00,Fiber cut,Major,Resolved,Internet,65.1,2026-06-29 18:17:06,False
OEV000000000367,CUST000963,ACCT000963,GEO000056,2026-06-29 12:51:00,Power loss,Minor,Resolved,Internet,79.8,2026-06-29 14:10:48,True
OEV000000000368,CUST000964,ACCT000964,GEO000003,2026-05-26 06:39:00,Congestion,Minor,Resolved,Mobile,77.7,2026-05-26 07:56:42,False
OEV000000000369,CUST000968,ACCT000968,GEO000030,2026-06-28 03:35:00,Fiber cut,Major,Resolved,Mobile,92.6,2026-06-28 05:07:36,False
OEV000000000370,CUST000972,ACCT000972,GEO000052,2026-06-11 04:00:00,Power loss,Minor,Resolved,Internet,50.1,2026-06-11 04:50:06,False
OEV000000000371,CUST000973,ACCT000973,GEO000052,2026-06-11 06:26:00,Power loss,Minor,Resolved,Internet,383.6,2026-06-11 12:49:36,False
OEV000000000372,CUST000973,ACCT000973,GEO000052,2026-06-21 06:56:00,Congestion,Major,Resolved,Internet,44.0,2026-06-21 07:40:00,False
OEV000000000373,CUST000977,ACCT000977,GEO000009,2026-05-04 07:47:00,Equipment failure,Minor,Resolved,Mobile,22.7,2026-05-04 08:09:42,True
OEV000000000374,CUST000977,ACCT000977,GEO000009,2026-06-17 06:40:00,Power loss,Minor,Resolved,Mobile,71.3,2026-06-17 07:51:18,False
OEV000000000375,CUST000979,ACCT000979,GEO000009,2026-06-27 13:18:00,Power loss,Minor,Resolved,Internet,102.2,2026-06-27 15:00:12,False
OEV000000000376,CUST000985,ACCT000985,GEO000027,2026-06-25 00:51:00,Weather,Minor,Resolved,Mobile,99.0,2026-06-25 02:30:00,False
OEV000000000377,CUST000985,ACCT000985,GEO000027,2026-06-26 09:37:00,Congestion,Major,Resolved,Internet,77.5,2026-06-26 10:54:30,False
OEV000000000378,CUST000988,ACCT000988,GEO000036,2026-06-08 14:42:00,Congestion,Minor,Resolved,Internet,65.5,2026-06-08 15:47:30,True
OEV000000000379,CUST000998,ACCT000998,GEO000017,2026-05-16 12:01:00,Equipment failure,Minor,Resolved,Internet,93.9,2026-05-16 13:34:54,True
OEV000000000380,CUST000998,ACCT000998,GEO000017,2026-06-17 23:55:00,Power loss,Minor,Resolved,Mobile,91.6,2026-06-18 01:26:36,False
